Workbook

Sheet MSFT
A1: Price,Close,High,Low,Open,Volume
A2: Ticker,MSFT,MSFT,MSFT,MSFT,MSFT
A3: Date,,,,,
A4: 1986-03-13,0.05925342068076134,0.0618991081671409,0.05396326266094622,0.05396326266094622,1031788800
A5: 1986-03-14,0.061369478702545166,0.06242811869351785,0.05925341567344097,0.05925341567344097,308160000
A6: 1986-03-17,0.06242809444665909,0.0629571099984673,0.0613694548668584,0.0613694548668584,133171200
A7: 1986-03-18,0.06084045022726059,0.0629571212903192,0.060311434580569284,0.0624281056436279,67766400
A8: 1986-03-19,0.059782400727272034,0.06136944718401425,0.05925338524169129,0.06084043169843351,47894400
A9: 1986-03-20,0.058195389807224274,0.059782437233088265,0.05766637399860294,0.059782437233088265,58435200
A10: 1986-03-21,0.05660834535956383,0.05925342454182989,0.0555503136866574,0.058195392868923466,59990400
A11: 1986-03-24,0.055021267384290695,0.056608314014884226,0.05449225184075952,0.056608314014884226,65289600
A12: 1986-03-25,0.05607929825782776,0.05607929825782775,0.054492251633277006,0.05502126717479392,32083200
... A10120: 2026-05-08,415.1199951171875,418.6300048828125,414.0,417.3900146484375,33304300

Sheet MSFT PQ
A1: Date | B1: Close | C1: High | D1: Low | E1: Open
A2: 44200 | B2: 208.40652 | C2: 213,4900752334204 | D2: 205.64934 | E2: 213.04012
A3: 44201 | B3: 208.60757 | C3: 209,2011442852732 | D3: 206.5014 | E3: 207.99487
A4: 44202 | B4: 203.19855 | C4: 207,25773679566413 | D4: 202.90177 | E4: 203.12196
A5: 44203 | B5: 208.9809 | C5: 209,98612108796203 | D5: 204.59623 | E5: 204.91214
A6: 44204 | B6: 210.25423 | C6: 211,17329358978736 | D6: 207.77468 | E6: 209.35431
A7: 44207 | B7: 208.21504 | C7: 209,5744837947097 | D7: 207.48744 | E7: 209.15325
A8: 44208 | B8: 205.76424 | C8: 207,84170898199775 | D8: 204.22291 | E8: 207.26729
A9: 44209 | B9: 207.11411 | C9: 207,51619243191996 | D9: 204.80688 | E9: 204.89305
A10: 44210 | B10: 203.9357 | C10: 208,1863566093762 | D10: 203.66764 | E10: 206.70245
A11: 44211 | B11: 203.58147 | C11: 205,36214696231852 | D11: 202.98791 | E11: 204.41438
A12: 44215 | B12: 207.20987 | C12: 207,72683453458131 | D12: 203.56235 | E12: 204.63458
A13: 44216 | B13: 214.77293 | C13: 216,16109525037086 | D13: 208.02358 | E13: 208.4161
... A1344: 46150 | B1344: 415.12 | C1344: 418,6300048828125 | D1344: 414 | E1344: 417.39001

Sheet SP500
A1: Price,Close,High,Low,Open,Volume
A2: Ticker,^GSPC,^GSPC,^GSPC,^GSPC,^GSPC
A3: Date,,,,,
A4: 1927-12-30,17.65999984741211,17.65999984741211,17.65999984741211,17.65999984741211,0
A5: 1928-01-03,17.760000228881836,17.760000228881836,17.760000228881836,17.760000228881836,0
A6: 1928-01-04,17.719999313354492,17.719999313354492,17.719999313354492,17.719999313354492,0
A7: 1928-01-05,17.549999237060547,17.549999237060547,17.549999237060547,17.549999237060547,0
A8: 1928-01-06,17.65999984741211,17.65999984741211,17.65999984741211,17.65999984741211,0
A9: 1928-01-09,17.5,17.5,17.5,17.5,0
A10: 1928-01-10,17.3700008392334,17.3700008392334,17.3700008392334,17.3700008392334,0
A11: 1928-01-11,17.350000381469727,17.350000381469727,17.350000381469727,17.350000381469727,0
A12: 1928-01-12,17.469999313354492,17.469999313354492,17.469999313354492,17.469999313354492,0
... A24708: 2026-05-08,7398.93017578125,7401.5,7362.97021484375,7362.97021484375,5302740000

Sheet SP500 PQ
A1: Date | B1: Close | C1: High | D1: Low | E1: Open | F1: Volume
A2: 44200 | B2: 3700.6499 | C2: 3769.99 | D2: 3662.71 | E2: 3764.6101 | F2: 5015000000
A3: 44201 | B3: 3726.8601 | C3: 3737.8301 | D3: 3695.0701 | E3: 3698.02 | F3: 4591020000
A4: 44202 | B4: 3748.1399 | C4: 3783.04 | D4: 3705.3401 | E4: 3712.2 | F4: 6064110000
A5: 44203 | B5: 3803.79 | C5: 3811.55 | D5: 3764.71 | E5: 3764.71 | F5: 5099160000
A6: 44204 | B6: 3824.6799 | C6: 3826.6899 | D6: 3783.6001 | E6: 3815.05 | F6: 4773040000
A7: 44207 | B7: 3799.6101 | C7: 3817.8601 | D7: 3789.02 | E7: 3803.1399 | F7: 4465430000
A8: 44208 | B8: 3801.1899 | C8: 3810.78 | D8: 3776.51 | E8: 3801.6201 | F8: 4994950000
A9: 44209 | B9: 3809.8401 | C9: 3820.96 | D9: 3791.5 | E9: 3802.23 | F9: 4602510000
A10: 44210 | B10: 3795.54 | C10: 3823.6001 | D10: 3792.8601 | E10: 3814.98 | F10: 5198480000
A11: 44211 | B11: 3768.25 | C11: 3788.73 | D11: 3749.6201 | E11: 3788.73 | F11: 5369820000
A12: 44215 | B12: 3798.9099 | C12: 3804.53 | D12: 3780.3701 | E12: 3781.8799 | F12: 5014440000
A13: 44216 | B13: 3851.8501 | C13: 3859.75 | D13: 3816.22 | E13: 3816.22 | F13: 4566190000
... A1344: 46150 | B1344: 7398.9302 | C1344: 7401.5 | D1344: 7362.9702 | E1344: 7362.9702 | F1344: 5302740000

Sheet Verifica date
A1: Date | B1: Date.1 | C1: Diff. date
A2: 44200 | B2: 44200 | C2: 0 | E2: N. osservazioni: | F2: =COUNTA(Merge[Diff. date]) -> 1343
A3: 44201 | B3: 44201 | C3: 0 | E3: N. di 0 | F3: =COUNTIF(Merge[Diff. date],0) -> 1343
A4: 44202 | B4: 44202 | C4: 0 | E4: VERIFICA CORRISPONDENZA: | F4: =F2-F3 -> 0
A5: 44203 | B5: 44203 | C5: 0
A6: 44204 | B6: 44204 | C6: 0 | E6: N. giorni dell'anno | F6: 365
A7: 44207 | B7: 44207 | C7: 0 | E7: N. weekend annuali: | F7: =52*2 -> 104
A8: 44208 | B8: 44208 | C8: 0 | E8: N. di osservazioni attese per anno | F8: =F6-F7 -> 261
A9: 44209 | B9: 44209 | C9: 0 | E9: N. di osservazioni per anno (approssimativo): | F9: =COUNTA(Merge[Date])/5 -> 268.6
A10: 44210 | B10: 44210 | C10: 0
A11: 44211 | B11: 44211 | C11: 0 | E11: CONCLUSIONE
A12: 44215 | B12: 44215 | C12: 0 | E12: Utilizzando Power Query sono state abbinate le date relative ai 5 anni precedenti alla data odierna includendo, per convenzione, anche quelli del primo periodo dell'anno.
A13: 44216 | B13: 44216 | C13: 0 | E13: Sempre con Power Query è stata creata la colonna "Diff. Date" che esprime la differenza tra le date relative a ciascun titolo al fine di verificarne la corrispondenza (diff. = 0)
A14: 44217 | B14: 44217 | C14: 0 | E14: La verifica di tutte le osservazioni è stata effettuata contando il numero di osservazioni e il numero di zeri presenti nella colonna.
A15: 44218 | B15: 44218 | C15: 0
A16: 44221 | B16: 44221 | C16: 0 | E16: Considerando che l'anno attuale è ancora in corso ed il numero di weekend presenti in ogni anno (per semplicità non calcoliamo i festivi in quanto poco
A17: 44222 | B17: 44222 | C17: 0 | E17: numerosi rispetto al numero di weekend) possiamo concludere approssimativamente che 268,6 sia un valore accettabile per concludere che i datasets
A18: 44223 | B18: 44223 | C18: 0 | E18: non soffranon di dati mancanti
A19: 44224 | B19: 44224 | C19: 0
A20: 44225 | B20: 44225 | C20: 0
A21: 44228 | B21: 44228 | C21: 0
A22: 44229 | B22: 44229 | C22: 0
A23: 44230 | B23: 44230 | C23: 0
A24: 44231 | B24: 44231 | C24: 0
A25: 44232 | B25: 44232 | C25: 0
A26: 44235 | B26: 44235 | C26: 0
A27: 44236 | B27: 44236 | C27: 0
A28: 44237 | B28: 44237 | C28: 0
A29: 44238 | B29: 44238 | C29: 0
A30: 44239 | B30: 44239 | C30: 0
... A1344: 46150 | B1344: 46150 | C1344: 0

Sheet Rend. GG MSFT
A1: RENDIMENTI GIORNALIERI DI MSFT
A3: Date | B3: Close | C3: Rendimenti giornalieri MSFT | F3: Statistiche rendimenti gg MSFT
A4: 44200 | B4: 208.40652 | C4: 0
A5: 44201 | B5: 208.60757 | C5: =(B5-B4)/B4 -> 0.00096470015 | F5: Media | G5: 0.00064997512
A6: 44202 | B6: 203.19855 | C6: =(B6-B5)/B5 -> -0.025929198 | F6: Errore standard | G6: 0.00045098509
A7: 44203 | B7: 208.9809 | C7: =(B7-B6)/B6 -> 0.028456644 | F7: Mediana | G7: 0.00066179348
A8: 44204 | B8: 210.25423 | C8: =(B8-B7)/B7 -> 0.0060930483 | F8: Moda | G8: #N/A
A9: 44207 | B9: 208.21504 | C9: =(B9-B8)/B8 -> -0.0096986615 | F9: Deviazione standard | G9: 0.01652108
A10: 44208 | B10: 205.76424 | C10: =(B10-B9)/B9 -> -0.01177055 | F10: Varianza campionaria | G10: 0.0002729461
A11: 44209 | B11: 207.11411 | C11: =(B11-B10)/B10 -> 0.0065602692 | F11: Curtosi | G11: 3.7012783
A12: 44210 | B12: 203.9357 | C12: =(B12-B11)/B11 -> -0.015346158 | F12: Asimmetria | G12: 0.016242246
A13: 44211 | B13: 203.58147 | C13: =(B13-B12)/B12 -> -0.0017369827 | F13: Intervallo | G13: 0.20126839
A14: 44215 | B14: 207.20987 | C14: =(B14-B13)/B13 -> 0.017822854 | F14: Minimo | G14: -0.099931462
A15: 44216 | B15: 214.77293 | C15: =(B15-B14)/B14 -> 0.036499538 | F15: Massimo | G15: 0.10133693
A16: 44217 | B16: 215.37611 | C16: =(B16-B15)/B15 -> 0.0028084541 | F16: Somma | G16: 0.87226661
A17: 44218 | B17: 216.31425 | C17: =(B17-B16)/B16 -> 0.004355826 | F17: Conteggio | G17: 1342
A18: 44221 | B18: 219.74161 | C18: =(B18-B17)/B17 -> 0.015844323 | F18: Livello di confidenza(95,0%) | G18: 0.00088471305
A19: 44222 | B19: 222.42221 | C19: =(B19-B18)/B18 -> 0.012198887
A20: 44223 | B20: 222.96788 | C20: =(B20-B19)/B19 -> 0.0024533052
A21: 44224 | B21: 228.74074 | C21: =(B21-B20)/B20 -> 0.025890983
A22: 44225 | B22: 222.06799 | C22: =(B22-B21)/B21 -> -0.02917165
A23: 44228 | B23: 229.43005 | C23: =(B23-B22)/B22 -> 0.033152281
A24: 44229 | B24: 229.29599 | C24: =(B24-B23)/B23 -> -0.00058433374
A25: 44230 | B25: 232.63716 | C25: =(B25-B24)/B24 -> 0.014571433
A26: 44231 | B26: 231.68939 | C26: =(B26-B25)/B25 -> -0.0040740231
A27: 44232 | B27: 231.87132 | C27: =(B27-B26)/B26 -> 0.00078523466
A28: 44235 | B28: 232.12979 | C28: =(B28-B27)/B27 -> 0.0011147072
A29: 44236 | B29: 233.37436 | C29: =(B29-B28)/B28 -> 0.0053615172
A30: 44237 | B30: 232.46487 | C30: =(B30-B29)/B29 -> -0.0038971071
... A1346: 46150 | B1346: 415.12 | C1346: =(B1346-B1345)/B1345 -> -0.013427749

Sheet Rend. Settimanali MSFT
A1: RENDIMENTI SETTIMANALI DI MSFT
A3: Date | B3: Close | C3: Anno | D3: Mese | E3: Settimana ISO | F3: Giorno | G3: Data inizio settimana | H3: Data fine settimana | J3: Data inizio settimana | K3: Data fine settimana | L3: Prezzo chiusura inizio settimana | M3: Prezzo chiusura fine settimana | N3: Rendimenti settimanali
A4: 44200 | B4: 208.40652 | C4: =YEAR(A4) -> 2021 | D4: =MONTH(A4) -> 1 | E4: =_xlfn.ISOWEEKNUM(A4) -> 1 | F4: =WEEKDAY(A4,2) -> 1 | G4: =_xlfn.MINIFS($A$4:$A$1346,$C$4:$C$1346,C4,$E$4:$E$1346,E4) -> 44200 | H4: =_xlfn.MAXIFS($A$4:$A$1346,$C$4:$C$1346,C4,$E$4:$E$1346,E4) -> 44204 | J4: {=_xlfn.UNIQUE(G4:G1346)} -> 44200 | K4: {=_xlfn.UNIQUE(H4:H1346)} -> 44204 | L4: =INDEX($B$4:$B$1346,MATCH(J4,$A$4:$A$1346)) -> 208.40652 | M4: =INDEX($B$4:$B$1346,MATCH(K4,$A$4:$A$1346)) -> 210.25423 | N4: 0
A5: 44201 | B5: 208.60757 | C5: =YEAR(A5) -> 2021 | D5: =MONTH(A5) -> 1 | E5: =_xlfn.ISOWEEKNUM(A5) -> 1 | F5: =WEEKDAY(A5,2) -> 2 | G5: =_xlfn.MINIFS($A$4:$A$1346,$C$4:$C$1346,C5,$E$4:$E$1346,E5) -> 44200 | H5: =_xlfn.MAXIFS($A$4:$A$1346,$C$4:$C$1346,C5,$E$4:$E$1346,E5) -> 44204 | J5: 44207 | K5: 44211 | L5: =INDEX($B$4:$B$1346,MATCH(J5,$A$4:$A$1346)) -> 208.21504 | M5: =INDEX($B$4:$B$1346,MATCH(K5,$A$4:$A$1346)) -> 203.58147 | N5: =(M5-M4)/M4 -> -0.031736627 | Q5: Statistiche rendimenti sett. MSFT
A6: 44202 | B6: 203.19855 | C6: =YEAR(A6) -> 2021 | D6: =MONTH(A6) -> 1 | E6: =_xlfn.ISOWEEKNUM(A6) -> 1 | F6: =WEEKDAY(A6,2) -> 3 | G6: =_xlfn.MINIFS($A$4:$A$1346,$C$4:$C$1346,C6,$E$4:$E$1346,E6) -> 44200 | H6: =_xlfn.MAXIFS($A$4:$A$1346,$C$4:$C$1346,C6,$E$4:$E$1346,E6) -> 44204 | J6: 44215 | K6: 44218 | L6: =INDEX($B$4:$B$1346,MATCH(J6,$A$4:$A$1346)) -> 207.20987 | M6: =INDEX($B$4:$B$1346,MATCH(K6,$A$4:$A$1346)) -> 216.31425 | N6: =(M6-M5)/M5 -> 0.062543945
A7: 44203 | B7: 208.9809 | C7: =YEAR(A7) -> 2021 | D7: =MONTH(A7) -> 1 | E7: =_xlfn.ISOWEEKNUM(A7) -> 1 | F7: =WEEKDAY(A7,2) -> 4 | G7: =_xlfn.MINIFS($A$4:$A$1346,$C$4:$C$1346,C7,$E$4:$E$1346,E7) -> 44200 | H7: =_xlfn.MAXIFS($A$4:$A$1346,$C$4:$C$1346,C7,$E$4:$E$1346,E7) -> 44204 | J7: 44221 | K7: 44225 | L7: =INDEX($B$4:$B$1346,MATCH(J7,$A$4:$A$1346)) -> 219.74161 | M7: =INDEX($B$4:$B$1346,MATCH(K7,$A$4:$A$1346)) -> 222.06799 | N7: =(M7-M6)/M6 -> 0.026598979 | Q7: Media | R7: 0.0031462875
A8: 44204 | B8: 210.25423 | C8: =YEAR(A8) -> 2021 | D8: =MONTH(A8) -> 1 | E8: =_xlfn.ISOWEEKNUM(A8) -> 1 | F8: =WEEKDAY(A8,2) -> 5 | G8: =_xlfn.MINIFS($A$4:$A$1346,$C$4:$C$1346,C8,$E$4:$E$1346,E8) -> 44200 | H8: =_xlfn.MAXIFS($A$4:$A$1346,$C$4:$C$1346,C8,$E$4:$E$1346,E8) -> 44204 | J8: 44228 | K8: 44232 | L8: =INDEX($B$4:$B$1346,MATCH(J8,$A$4:$A$1346)) -> 229.43005 | M8: =INDEX($B$4:$B$1346,MATCH(K8,$A$4:$A$1346)) -> 231.87132 | N8: =(M8-M7)/M7 -> 0.044145621 | Q8: Errore standard | R8: 0.0022548332
A9: 44207 | B9: 208.21504 | C9: =YEAR(A9) -> 2021 | D9: =MONTH(A9) -> 1 | E9: =_xlfn.ISOWEEKNUM(A9) -> 2 | F9: =WEEKDAY(A9,2) -> 1 | G9: =_xlfn.MINIFS($A$4:$A$1346,$C$4:$C$1346,C9,$E$4:$E$1346,E9) -> 44207 | H9: =_xlfn.MAXIFS($A$4:$A$1346,$C$4:$C$1346,C9,$E$4:$E$1346,E9) -> 44211 | J9: 44235 | K9: 44239 | L9: =INDEX($B$4:$B$1346,MATCH(J9,$A$4:$A$1346)) -> 232.12979 | M9: =INDEX($B$4:$B$1346,MATCH(K9,$A$4:$A$1346)) -> 234.5423 | N9: =(M9-M8)/M8 -> 0.011519211 | Q9: Mediana | R9: 0.0039887203
A10: 44208 | B10: 205.76424 | C10: =YEAR(A10) -> 2021 | D10: =MONTH(A10) -> 1 | E10: =_xlfn.ISOWEEKNUM(A10) -> 2 | F10: =WEEKDAY(A10,2) -> 2 | G10: =_xlfn.MINIFS($A$4:$A$1346,$C$4:$C$1346,C10,$E$4:$E$1346,E10) -> 44207 | H10: =_xlfn.MAXIFS($A$4:$A$1346,$C$4:$C$1346,C10,$E$4:$E$1346,E10) -> 44211 | J10: 44243 | K10: 44246 | L10: =INDEX($B$4:$B$1346,MATCH(J10,$A$4:$A$1346)) -> 233.30728 | M10: =INDEX($B$4:$B$1346,MATCH(K10,$A$4:$A$1346)) -> 231.22508 | N10: =(M10-M9)/M9 -> -0.014143355 | Q10: Moda | R10: #N/A
A11: 44209 | B11: 207.11411 | C11: =YEAR(A11) -> 2021 | D11: =MONTH(A11) -> 1 | E11: =_xlfn.ISOWEEKNUM(A11) -> 2 | F11: =WEEKDAY(A11,2) -> 3 | G11: =_xlfn.MINIFS($A$4:$A$1346,$C$4:$C$1346,C11,$E$4:$E$1346,E11) -> 44207 | H11: =_xlfn.MAXIFS($A$4:$A$1346,$C$4:$C$1346,C11,$E$4:$E$1346,E11) -> 44211 | J11: 44249 | K11: 44253 | L11: =INDEX($B$4:$B$1346,MATCH(J11,$A$4:$A$1346)) -> 225.02629 | M11: =INDEX($B$4:$B$1346,MATCH(K11,$A$4:$A$1346)) -> 222.98248 | N11: =(M11-M10)/M10 -> -0.035647515 | Q11: Deviazione standard | R11: 0.037595583
A12: 44210 | B12: 203.9357 | C12: =YEAR(A12) -> 2021 | D12: =MONTH(A12) -> 1 | E12: =_xlfn.ISOWEEKNUM(A12) -> 2 | F12: =WEEKDAY(A12,2) -> 4 | G12: =_xlfn.MINIFS($A$4:$A$1346,$C$4:$C$1346,C12,$E$4:$E$1346,E12) -> 44207 | H12: =_xlfn.MAXIFS($A$4:$A$1346,$C$4:$C$1346,C12,$E$4:$E$1346,E12) -> 44211 | J12: 44256 | K12: 44260 | L12: =INDEX($B$4:$B$1346,MATCH(J12,$A$4:$A$1346)) -> 227.35806 | M12: =INDEX($B$4:$B$1346,MATCH(K12,$A$4:$A$1346)) -> 222.23401 | N12: =(M12-M11)/M11 -> -0.0033566499 | Q12: Varianza campionaria | R12: 0.0014134279
A13: 44211 | B13: 203.58147 | C13: =YEAR(A13) -> 2021 | D13: =MONTH(A13) -> 1 | E13: =_xlfn.ISOWEEKNUM(A13) -> 2 | F13: =WEEKDAY(A13,2) -> 5 | G13: =_xlfn.MINIFS($A$4:$A$1346,$C$4:$C$1346,C13,$E$4:$E$1346,E13) -> 44207 | H13: =_xlfn.MAXIFS($A$4:$A$1346,$C$4:$C$1346,C13,$E$4:$E$1346,E13) -> 44211 | J13: 44263 | K13: 44267 | L13: =INDEX($B$4:$B$1346,MATCH(J13,$A$4:$A$1346)) -> 218.19429 | M13: =INDEX($B$4:$B$1346,MATCH(K13,$A$4:$A$1346)) -> 226.21617 | N13: =(M13-M12)/M12 -> 0.017918781 | Q13: Curtosi | R13: 1.9342599
A14: 44215 | B14: 207.20987 | C14: =YEAR(A14) -> 2021 | D14: =MONTH(A14) -> 1 | E14: =_xlfn.ISOWEEKNUM(A14) -> 3 | F14: =WEEKDAY(A14,2) -> 2 | G14: =_xlfn.MINIFS($A$4:$A$1346,$C$4:$C$1346,C14,$E$4:$E$1346,E14) -> 44215 | H14: =_xlfn.MAXIFS($A$4:$A$1346,$C$4:$C$1346,C14,$E$4:$E$1346,E14) -> 44218 | J14: 44270 | K14: 44274 | L14: =INDEX($B$4:$B$1346,MATCH(J14,$A$4:$A$1346)) -> 225.31416 | M14: =INDEX($B$4:$B$1346,MATCH(K14,$A$4:$A$1346)) -> 221.03455 | N14: =(M14-M13)/M13 -> -0.022905636 | Q14: Asimmetria | R14: 0.44300549
A15: 44216 | B15: 214.77293 | C15: =YEAR(A15) -> 2021 | D15: =MONTH(A15) -> 1 | E15: =_xlfn.ISOWEEKNUM(A15) -> 3 | F15: =WEEKDAY(A15,2) -> 3 | G15: =_xlfn.MINIFS($A$4:$A$1346,$C$4:$C$1346,C15,$E$4:$E$1346,E15) -> 44215 | H15: =_xlfn.MAXIFS($A$4:$A$1346,$C$4:$C$1346,C15,$E$4:$E$1346,E15) -> 44218 | J15: 44277 | K15: 44281 | L15: =INDEX($B$4:$B$1346,MATCH(J15,$A$4:$A$1346)) -> 226.44646 | M15: =INDEX($B$4:$B$1346,MATCH(K15,$A$4:$A$1346)) -> 226.91663 | N15: =(M15-M14)/M14 -> 0.026611587 | Q15: Intervallo | R15: 0.28005944
A16: 44217 | B16: 215.37611 | C16: =YEAR(A16) -> 2021 | D16: =MONTH(A16) -> 1 | E16: =_xlfn.ISOWEEKNUM(A16) -> 3 | F16: =WEEKDAY(A16,2) -> 4 | G16: =_xlfn.MINIFS($A$4:$A$1346,$C$4:$C$1346,C16,$E$4:$E$1346,E16) -> 44215 | H16: =_xlfn.MAXIFS($A$4:$A$1346,$C$4:$C$1346,C16,$E$4:$E$1346,E16) -> 44218 | J16: 44284 | K16: 44287 | L16: =INDEX($B$4:$B$1346,MATCH(J16,$A$4:$A$1346)) -> 225.72681 | M16: =INDEX($B$4:$B$1346,MATCH(K16,$A$4:$A$1346)) -> 232.54926 | N16: =(M16-M15)/M15 -> 0.024822462 | Q16: Minimo | R16: -0.14006425
A17: 44218 | B17: 216.31425 | C17: =YEAR(A17) -> 2021 | D17: =MONTH(A17) -> 1 | E17: =_xlfn.ISOWEEKNUM(A17) -> 3 | F17: =WEEKDAY(A17,2) -> 5 | G17: =_xlfn.MINIFS($A$4:$A$1346,$C$4:$C$1346,C17,$E$4:$E$1346,E17) -> 44215 | H17: =_xlfn.MAXIFS($A$4:$A$1346,$C$4:$C$1346,C17,$E$4:$E$1346,E17) -> 44218 | J17: 44291 | K17: 44295 | L17: =INDEX($B$4:$B$1346,MATCH(J17,$A$4:$A$1346)) -> 238.9975 | M17: =INDEX($B$4:$B$1346,MATCH(K17,$A$4:$A$1346)) -> 245.50334 | N17: =(M17-M16)/M16 -> 0.055704699 | Q17: Massimo | R17: 0.13999518
A18: 44221 | B18: 219.74161 | C18: =YEAR(A18) -> 2021 | D18: =MONTH(A18) -> 1 | E18: =_xlfn.ISOWEEKNUM(A18) -> 4 | F18: =WEEKDAY(A18,2) -> 1 | G18: =_xlfn.MINIFS($A$4:$A$1346,$C$4:$C$1346,C18,$E$4:$E$1346,E18) -> 44221 | H18: =_xlfn.MAXIFS($A$4:$A$1346,$C$4:$C$1346,C18,$E$4:$E$1346,E18) -> 44225 | J18: 44298 | K18: 44302 | L18: =INDEX($B$4:$B$1346,MATCH(J18,$A$4:$A$1346)) -> 245.5609 | M18: =INDEX($B$4:$B$1346,MATCH(K18,$A$4:$A$1346)) -> 250.19553 | N18: =(M18-M17)/M17 -> 0.019112507 | Q18: Somma | R18: 0.87466793
A19: 44222 | B19: 222.42221 | C19: =YEAR(A19) -> 2021 | D19: =MONTH(A19) -> 1 | E19: =_xlfn.ISOWEEKNUM(A19) -> 4 | F19: =WEEKDAY(A19,2) -> 2 | G19: =_xlfn.MINIFS($A$4:$A$1346,$C$4:$C$1346,C19,$E$4:$E$1346,E19) -> 44221 | H19: =_xlfn.MAXIFS($A$4:$A$1346,$C$4:$C$1346,C19,$E$4:$E$1346,E19) -> 44225 | J19: 44305 | K19: 44309 | L19: =INDEX($B$4:$B$1346,MATCH(J19,$A$4:$A$1346)) -> 248.27643 | M19: =INDEX($B$4:$B$1346,MATCH(K19,$A$4:$A$1346)) -> 250.589 | N19: =(M19-M18)/M18 -> 0.0015726836 | Q19: Conteggio | R19: 278
A20: 44223 | B20: 222.96788 | C20: =YEAR(A20) -> 2021 | D20: =MONTH(A20) -> 1 | E20: =_xlfn.ISOWEEKNUM(A20) -> 4 | F20: =WEEKDAY(A20,2) -> 3 | G20: =_xlfn.MINIFS($A$4:$A$1346,$C$4:$C$1346,C20,$E$4:$E$1346,E20) -> 44221 | H20: =_xlfn.MAXIFS($A$4:$A$1346,$C$4:$C$1346,C20,$E$4:$E$1346,E20) -> 44225 | J20: 44312 | K20: 44316 | L20: =INDEX($B$4:$B$1346,MATCH(J20,$A$4:$A$1346)) -> 250.97278 | M20: =INDEX($B$4:$B$1346,MATCH(K20,$A$4:$A$1346)) -> 241.98174 | N20: =(M20-M19)/M19 -> -0.034348152 | Q20: Livello di confidenza(95,0%) | R20: 0.0044387859
A21: 44224 | B21: 228.74074 | C21: =YEAR(A21) -> 2021 | D21: =MONTH(A21) -> 1 | E21: =_xlfn.ISOWEEKNUM(A21) -> 4 | F21: =WEEKDAY(A21,2) -> 4 | G21: =_xlfn.MINIFS($A$4:$A$1346,$C$4:$C$1346,C21,$E$4:$E$1346,E21) -> 44221 | H21: =_xlfn.MAXIFS($A$4:$A$1346,$C$4:$C$1346,C21,$E$4:$E$1346,E21) -> 44225 | J21: 44319 | K21: 44323 | L21: =INDEX($B$4:$B$1346,MATCH(J21,$A$4:$A$1346)) -> 241.67467 | M21: =INDEX($B$4:$B$1346,MATCH(K21,$A$4:$A$1346)) -> 242.25041 | N21: =(M21-M20)/M20 -> 0.0011103183
A22: 44225 | B22: 222.06799 | C22: =YEAR(A22) -> 2021 | D22: =MONTH(A22) -> 1 | E22: =_xlfn.ISOWEEKNUM(A22) -> 4 | F22: =WEEKDAY(A22,2) -> 5 | G22: =_xlfn.MINIFS($A$4:$A$1346,$C$4:$C$1346,C22,$E$4:$E$1346,E22) -> 44221 | H22: =_xlfn.MAXIFS($A$4:$A$1346,$C$4:$C$1346,C22,$E$4:$E$1346,E22) -> 44225 | J22: 44326 | K22: 44330 | L22: =INDEX($B$4:$B$1346,MATCH(J22,$A$4:$A$1346)) -> 237.18393 | M22: =INDEX($B$4:$B$1346,MATCH(K22,$A$4:$A$1346)) -> 238.11472 | N22: =(M22-M21)/M21 -> -0.017071989
A23: 44228 | B23: 229.43005 | C23: =YEAR(A23) -> 2021 | D23: =MONTH(A23) -> 2 | E23: =_xlfn.ISOWEEKNUM(A23) -> 5 | F23: =WEEKDAY(A23,2) -> 1 | G23: =_xlfn.MINIFS($A$4:$A$1346,$C$4:$C$1346,C23,$E$4:$E$1346,E23) -> 44228 | H23: =_xlfn.MAXIFS($A$4:$A$1346,$C$4:$C$1346,C23,$E$4:$E$1346,E23) -> 44232 | J23: 44333 | K23: 44337 | L23: =INDEX($B$4:$B$1346,MATCH(J23,$A$4:$A$1346)) -> 235.26483 | M23: =INDEX($B$4:$B$1346,MATCH(K23,$A$4:$A$1346)) -> 235.79845 | N23: =(M23-M22)/M22 -> -0.0097275337
A24: 44229 | B24: 229.29599 | C24: =YEAR(A24) -> 2021 | D24: =MONTH(A24) -> 2 | E24: =_xlfn.ISOWEEKNUM(A24) -> 5 | F24: =WEEKDAY(A24,2) -> 2 | G24: =_xlfn.MINIFS($A$4:$A$1346,$C$4:$C$1346,C24,$E$4:$E$1346,E24) -> 44228 | H24: =_xlfn.MAXIFS($A$4:$A$1346,$C$4:$C$1346,C24,$E$4:$E$1346,E24) -> 44232 | J24: 44340 | K24: 44344 | L24: =INDEX($B$4:$B$1346,MATCH(J24,$A$4:$A$1346)) -> 241.194 | M24: =INDEX($B$4:$B$1346,MATCH(K24,$A$4:$A$1346)) -> 240.13605 | N24: =(M24-M23)/M23 -> 0.018395374
A25: 44230 | B25: 232.63716 | C25: =YEAR(A25) -> 2021 | D25: =MONTH(A25) -> 2 | E25: =_xlfn.ISOWEEKNUM(A25) -> 5 | F25: =WEEKDAY(A25,2) -> 3 | G25: =_xlfn.MINIFS($A$4:$A$1346,$C$4:$C$1346,C25,$E$4:$E$1346,E25) -> 44228 | H25: =_xlfn.MAXIFS($A$4:$A$1346,$C$4:$C$1346,C25,$E$4:$E$1346,E25) -> 44232 | J25: 44348 | K25: 44351 | L25: =INDEX($B$4:$B$1346,MATCH(J25,$A$4:$A$1346)) -> 237.94315 | M25: =INDEX($B$4:$B$1346,MATCH(K25,$A$4:$A$1346)) -> 241.20363 | N25: =(M25-M24)/M24 -> 0.0044457348
A26: 44231 | B26: 231.68939 | C26: =YEAR(A26) -> 2021 | D26: =MONTH(A26) -> 2 | E26: =_xlfn.ISOWEEKNUM(A26) -> 5 | F26: =WEEKDAY(A26,2) -> 4 | G26: =_xlfn.MINIFS($A$4:$A$1346,$C$4:$C$1346,C26,$E$4:$E$1346,E26) -> 44228 | H26: =_xlfn.MAXIFS($A$4:$A$1346,$C$4:$C$1346,C26,$E$4:$E$1346,E26) -> 44232 | J26: 44354 | K26: 44358 | L26: =INDEX($B$4:$B$1346,MATCH(J26,$A$4:$A$1346)) -> 244.1082 | M26: =INDEX($B$4:$B$1346,MATCH(K26,$A$4:$A$1346)) -> 248.03224 | N26: =(M26-M25)/M25 -> 0.028310574
A27: 44232 | B27: 231.87132 | C27: =YEAR(A27) -> 2021 | D27: =MONTH(A27) -> 2 | E27: =_xlfn.ISOWEEKNUM(A27) -> 5 | F27: =WEEKDAY(A27,2) -> 5 | G27: =_xlfn.MINIFS($A$4:$A$1346,$C$4:$C$1346,C27,$E$4:$E$1346,E27) -> 44228 | H27: =_xlfn.MAXIFS($A$4:$A$1346,$C$4:$C$1346,C27,$E$4:$E$1346,E27) -> 44232 | J27: 44361 | K27: 44365 | L27: =INDEX($B$4:$B$1346,MATCH(J27,$A$4:$A$1346)) -> 249.95578 | M27: =INDEX($B$4:$B$1346,MATCH(K27,$A$4:$A$1346)) -> 249.51337 | N27: =(M27-M26)/M26 -> 0.0059715014
A28: 44235 | B28: 232.12979 | C28: =YEAR(A28) -> 2021 | D28: =MONTH(A28) -> 2 | E28: =_xlfn.ISOWEEKNUM(A28) -> 6 | F28: =WEEKDAY(A28,2) -> 1 | G28: =_xlfn.MINIFS($A$4:$A$1346,$C$4:$C$1346,C28,$E$4:$E$1346,E28) -> 44235 | H28: =_xlfn.MAXIFS($A$4:$A$1346,$C$4:$C$1346,C28,$E$4:$E$1346,E28) -> 44239 | J28: 44368 | K28: 44372 | L28: =INDEX($B$4:$B$1346,MATCH(J28,$A$4:$A$1346)) -> 252.591 | M28: =INDEX($B$4:$B$1346,MATCH(K28,$A$4:$A$1346)) -> 254.88971 | N28: =(M28-M27)/M27 -> 0.021547314
A29: 44236 | B29: 233.37436 | C29: =YEAR(A29) -> 2021 | D29: =MONTH(A29) -> 2 | E29: =_xlfn.ISOWEEKNUM(A29) -> 6 | F29: =WEEKDAY(A29,2) -> 2 | G29: =_xlfn.MINIFS($A$4:$A$1346,$C$4:$C$1346,C29,$E$4:$E$1346,E29) -> 44235 | H29: =_xlfn.MAXIFS($A$4:$A$1346,$C$4:$C$1346,C29,$E$4:$E$1346,E29) -> 44239 | J29: 44375 | K29: 44379 | L29: =INDEX($B$4:$B$1346,MATCH(J29,$A$4:$A$1346)) -> 258.44827 | M29: =INDEX($B$4:$B$1346,MATCH(K29,$A$4:$A$1346)) -> 267.03687 | N29: =(M29-M28)/M28 -> 0.047656517
A30: 44237 | B30: 232.46487 | C30: =YEAR(A30) -> 2021 | D30: =MONTH(A30) -> 2 | E30: =_xlfn.ISOWEEKNUM(A30) -> 6 | F30: =WEEKDAY(A30,2) -> 3 | G30: =_xlfn.MINIFS($A$4:$A$1346,$C$4:$C$1346,C30,$E$4:$E$1346,E30) -> 44235 | H30: =_xlfn.MAXIFS($A$4:$A$1346,$C$4:$C$1346,C30,$E$4:$E$1346,E30) -> 44239 | J30: 44383 | K30: 44386 | L30: =INDEX($B$4:$B$1346,MATCH(J30,$A$4:$A$1346)) -> 267.04657 | M30: =INDEX($B$4:$B$1346,MATCH(K30,$A$4:$A$1346)) -> 267.31583 | N30: =(M30-M29)/M29 -> 0.0010446542
A31: 44238 | B31: 234.06361 | C31: =YEAR(A31) -> 2021 | D31: =MONTH(A31) -> 2 | E31: =_xlfn.ISOWEEKNUM(A31) -> 6 | F31: =WEEKDAY(A31,2) -> 4 | G31: =_xlfn.MINIFS($A$4:$A$1346,$C$4:$C$1346,C31,$E$4:$E$1346,E31) -> 44235 | H31: =_xlfn.MAXIFS($A$4:$A$1346,$C$4:$C$1346,C31,$E$4:$E$1346,E31) -> 44239 | J31: 44389 | K31: 44393 | L31: =INDEX($B$4:$B$1346,MATCH(J31,$A$4:$A$1346)) -> 266.71948 | M31: =INDEX($B$4:$B$1346,MATCH(K31,$A$4:$A$1346)) -> 270.0184 | N31: =(M31-M30)/M30 -> 0.010110047
A32: 44239 | B32: 234.5423 | C32: =YEAR(A32) -> 2021 | D32: =MONTH(A32) -> 2 | E32: =_xlfn.ISOWEEKNUM(A32) -> 6 | F32: =WEEKDAY(A32,2) -> 5 | G32: =_xlfn.MINIFS($A$4:$A$1346,$C$4:$C$1346,C32,$E$4:$E$1346,E32) -> 44235 | H32: =_xlfn.MAXIFS($A$4:$A$1346,$C$4:$C$1346,C32,$E$4:$E$1346,E32) -> 44239 | J32: 44396 | K32: 44400 | L32: =INDEX($B$4:$B$1346,MATCH(J32,$A$4:$A$1346)) -> 266.42133 | M32: =INDEX($B$4:$B$1346,MATCH(K32,$A$4:$A$1346)) -> 278.59744 | N32: =(M32-M31)/M31 -> 0.031772059
... A282: 44601 | B282: 300.43576 | C282: =YEAR(A282) -> 2022 | D282: =MONTH(A282) -> 2 | E282: =_xlfn.ISOWEEKNUM(A282) -> 6 | F282: =WEEKDAY(A282,2) -> 3 | G282: =_xlfn.MINIFS($A$4:$A$1346,$C$4:$C$1346,C282,$E$4:$E$1346,E282) -> 44599 | H282: =_xlfn.MAXIFS($A$4:$A$1346,$C$4:$C$1346,C282,$E$4:$E$1346,E282) -> 44603 | J282: 46146 | K282: 46150 | L282: =INDEX($B$4:$B$1346,MATCH(J282,$A$4:$A$1346)) -> 413.62 | M282: =INDEX($B$4:$B$1346,MATCH(K282,$A$4:$A$1346)) -> 415.12 | N282: =(M282-M281)/M281 -> 0.0016407506
A283: 44602 | B283: 291.9115 | C283: =YEAR(A283) -> 2022 | D283: =MONTH(A283) -> 2 | E283: =_xlfn.ISOWEEKNUM(A283) -> 6 | F283: =WEEKDAY(A283,2) -> 4 | G283: =_xlfn.MINIFS($A$4:$A$1346,$C$4:$C$1346,C283,$E$4:$E$1346,E283) -> 44599 | H283: =_xlfn.MAXIFS($A$4:$A$1346,$C$4:$C$1346,C283,$E$4:$E$1346,E283) -> 44603
A284: 44603 | B284: 284.82559 | C284: =YEAR(A284) -> 2022 | D284: =MONTH(A284) -> 2 | E284: =_xlfn.ISOWEEKNUM(A284) -> 6 | F284: =WEEKDAY(A284,2) -> 5 | G284: =_xlfn.MINIFS($A$4:$A$1346,$C$4:$C$1346,C284,$E$4:$E$1346,E284) -> 44599 | H284: =_xlfn.MAXIFS($A$4:$A$1346,$C$4:$C$1346,C284,$E$4:$E$1346,E284) -> 44603
A285: 44606 | B285: 284.78696 | C285: =YEAR(A285) -> 2022 | D285: =MONTH(A285) -> 2 | E285: =_xlfn.ISOWEEKNUM(A285) -> 7 | F285: =WEEKDAY(A285,2) -> 1 | G285: =_xlfn.MINIFS($A$4:$A$1346,$C$4:$C$1346,C285,$E$4:$E$1346,E285) -> 44606 | H285: =_xlfn.MAXIFS($A$4:$A$1346,$C$4:$C$1346,C285,$E$4:$E$1346,E285) -> 44610
A286: 44607 | B286: 290.06754 | C286: =YEAR(A286) -> 2022 | D286: =MONTH(A286) -> 2 | E286: =_xlfn.ISOWEEKNUM(A286) -> 7 | F286: =WEEKDAY(A286,2) -> 2 | G286: =_xlfn.MINIFS($A$4:$A$1346,$C$4:$C$1346,C286,$E$4:$E$1346,E286) -> 44606 | H286: =_xlfn.MAXIFS($A$4:$A$1346,$C$4:$C$1346,C286,$E$4:$E$1346,E286) -> 44610
A287: 44608 | B287: 289.72903 | C287: =YEAR(A287) -> 2022 | D287: =MONTH(A287) -> 2 | E287: =_xlfn.ISOWEEKNUM(A287) -> 7 | F287: =WEEKDAY(A287,2) -> 3 | G287: =_xlfn.MINIFS($A$4:$A$1346,$C$4:$C$1346,C287,$E$4:$E$1346,E287) -> 44606 | H287: =_xlfn.MAXIFS($A$4:$A$1346,$C$4:$C$1346,C287,$E$4:$E$1346,E287) -> 44610
A288: 44609 | B288: 281.24518 | C288: =YEAR(A288) -> 2022 | D288: =MONTH(A288) -> 2 | E288: =_xlfn.ISOWEEKNUM(A288) -> 7 | F288: =WEEKDAY(A288,2) -> 4 | G288: =_xlfn.MINIFS($A$4:$A$1346,$C$4:$C$1346,C288,$E$4:$E$1346,E288) -> 44606 | H288: =_xlfn.MAXIFS($A$4:$A$1346,$C$4:$C$1346,C288,$E$4:$E$1346,E288) -> 44610
A289: 44610 | B289: 278.53647 | C289: =YEAR(A289) -> 2022 | D289: =MONTH(A289) -> 2 | E289: =_xlfn.ISOWEEKNUM(A289) -> 7 | F289: =WEEKDAY(A289,2) -> 5 | G289: =_xlfn.MINIFS($A$4:$A$1346,$C$4:$C$1346,C289,$E$4:$E$1346,E289) -> 44606 | H289: =_xlfn.MAXIFS($A$4:$A$1346,$C$4:$C$1346,C289,$E$4:$E$1346,E289) -> 44610
A290: 44614 | B290: 278.33331 | C290: =YEAR(A290) -> 2022 | D290: =MONTH(A290) -> 2 | E290: =_xlfn.ISOWEEKNUM(A290) -> 8 | F290: =WEEKDAY(A290,2) -> 2 | G290: =_xlfn.MINIFS($A$4:$A$1346,$C$4:$C$1346,C290,$E$4:$E$1346,E290) -> 44614 | H290: =_xlfn.MAXIFS($A$4:$A$1346,$C$4:$C$1346,C290,$E$4:$E$1346,E290) -> 44617
A291: 44615 | B291: 271.12628 | C291: =YEAR(A291) -> 2022 | D291: =MONTH(A291) -> 2 | E291: =_xlfn.ISOWEEKNUM(A291) -> 8 | F291: =WEEKDAY(A291,2) -> 3 | G291: =_xlfn.MINIFS($A$4:$A$1346,$C$4:$C$1346,C291,$E$4:$E$1346,E291) -> 44614 | H291: =_xlfn.MAXIFS($A$4:$A$1346,$C$4:$C$1346,C291,$E$4:$E$1346,E291) -> 44617
A292: 44616 | B292: 284.97919 | C292: =YEAR(A292) -> 2022 | D292: =MONTH(A292) -> 2 | E292: =_xlfn.ISOWEEKNUM(A292) -> 8 | F292: =WEEKDAY(A292,2) -> 4 | G292: =_xlfn.MINIFS($A$4:$A$1346,$C$4:$C$1346,C292,$E$4:$E$1346,E292) -> 44614 | H292: =_xlfn.MAXIFS($A$4:$A$1346,$C$4:$C$1346,C292,$E$4:$E$1346,E292) -> 44617
A293: 44617 | B293: 287.61047 | C293: =YEAR(A293) -> 2022 | D293: =MONTH(A293) -> 2 | E293: =_xlfn.ISOWEEKNUM(A293) -> 8 | F293: =WEEKDAY(A293,2) -> 5 | G293: =_xlfn.MINIFS($A$4:$A$1346,$C$4:$C$1346,C293,$E$4:$E$1346,E293) -> 44614 | H293: =_xlfn.MAXIFS($A$4:$A$1346,$C$4:$C$1346,C293,$E$4:$E$1346,E293) -> 44617
A294: 44620 | B294: 289.04221 | C294: =YEAR(A294) -> 2022 | D294: =MONTH(A294) -> 2 | E294: =_xlfn.ISOWEEKNUM(A294) -> 9 | F294: =WEEKDAY(A294,2) -> 1 | G294: =_xlfn.MINIFS($A$4:$A$1346,$C$4:$C$1346,C294,$E$4:$E$1346,E294) -> 44620 | H294: =_xlfn.MAXIFS($A$4:$A$1346,$C$4:$C$1346,C294,$E$4:$E$1346,E294) -> 44624
... A1346: 46150 | B1346: 415.12 | C1346: =YEAR(A1346) -> 2026 | D1346: =MONTH(A1346) -> 5 | E1346: =_xlfn.ISOWEEKNUM(A1346) -> 19 | F1346: =WEEKDAY(A1346,2) -> 5 | G1346: =_xlfn.MINIFS($A$4:$A$1346,$C$4:$C$1346,C1346,$E$4:$E$1346,E1346) -> 46146 | H1346: =_xlfn.MAXIFS($A$4:$A$1346,$C$4:$C$1346,C1346,$E$4:$E$1346,E1346) -> 46150

Sheet Rend. Mensili MSFT
A1: RENDIMENTI MENSILI DI MSFT
A3: Date | B3: Close | C3: Anno | D3: Mese | E3: Settimana ISO | F3: Giorno | G3: Data inizio mese | H3: Data fine mese | J3: Data inizio mese | K3: Data fine mese | L3: Prezzo chiusura inizio mese | M3: Prezzo chiusura fine mese | N3: Rendimenti mensili
A4: 44200 | B4: 208.40652 | C4: =YEAR(A4) -> 2021 | D4: =MONTH(A4) -> 1 | E4: =_xlfn.ISOWEEKNUM(A4) -> 1 | F4: =WEEKDAY(A4,2) -> 1 | G4: =_xlfn.MINIFS($A$4:$A$1346,$C$4:$C$1346,C4,$D$4:$D$1346,D4) -> 44200 | H4: =_xlfn.MAXIFS($A$4:$A$1346,$C$4:$C$1346,C4,$D$4:$D$1346,D4) -> 44225 | J4: {=_xlfn.UNIQUE(G4:G1346)} -> 44200 | K4: {=_xlfn.UNIQUE(H4:H1346)} -> 44225 | L4: =INDEX($B$4:$B$1346,MATCH(J4,$A$4:$A$1346)) -> 208.40652 | M4: =INDEX($B$4:$B$1346,MATCH(K4,$A$4:$A$1346)) -> 222.06799 | N4: 0 | Q4: Statistiche rendimenti mensili MSFT
A5: 44201 | B5: 208.60757 | C5: =YEAR(A5) -> 2021 | D5: =MONTH(A5) -> 1 | E5: =_xlfn.ISOWEEKNUM(A5) -> 1 | F5: =WEEKDAY(A5,2) -> 2 | G5: =_xlfn.MINIFS($A$4:$A$1346,$C$4:$C$1346,C5,$D$4:$D$1346,D5) -> 44200 | H5: =_xlfn.MAXIFS($A$4:$A$1346,$C$4:$C$1346,C5,$D$4:$D$1346,D5) -> 44225 | J5: 44228 | K5: 44253 | L5: =INDEX($B$4:$B$1346,MATCH(J5,$A$4:$A$1346)) -> 229.43005 | M5: =INDEX($B$4:$B$1346,MATCH(K5,$A$4:$A$1346)) -> 222.98248 | N5: =(M5-M4)/M4 -> 0.0041180619
A6: 44202 | B6: 203.19855 | C6: =YEAR(A6) -> 2021 | D6: =MONTH(A6) -> 1 | E6: =_xlfn.ISOWEEKNUM(A6) -> 1 | F6: =WEEKDAY(A6,2) -> 3 | G6: =_xlfn.MINIFS($A$4:$A$1346,$C$4:$C$1346,C6,$D$4:$D$1346,D6) -> 44200 | H6: =_xlfn.MAXIFS($A$4:$A$1346,$C$4:$C$1346,C6,$D$4:$D$1346,D6) -> 44225 | J6: 44256 | K6: 44286 | L6: =INDEX($B$4:$B$1346,MATCH(J6,$A$4:$A$1346)) -> 227.35806 | M6: =INDEX($B$4:$B$1346,MATCH(K6,$A$4:$A$1346)) -> 226.23538 | N6: =(M6-M5)/M5 -> 0.014588138 | Q6: Media | R6: 0.011980801
A7: 44203 | B7: 208.9809 | C7: =YEAR(A7) -> 2021 | D7: =MONTH(A7) -> 1 | E7: =_xlfn.ISOWEEKNUM(A7) -> 1 | F7: =WEEKDAY(A7,2) -> 4 | G7: =_xlfn.MINIFS($A$4:$A$1346,$C$4:$C$1346,C7,$D$4:$D$1346,D7) -> 44200 | H7: =_xlfn.MAXIFS($A$4:$A$1346,$C$4:$C$1346,C7,$D$4:$D$1346,D7) -> 44225 | J7: 44287 | K7: 44316 | L7: =INDEX($B$4:$B$1346,MATCH(J7,$A$4:$A$1346)) -> 232.54926 | M7: =INDEX($B$4:$B$1346,MATCH(K7,$A$4:$A$1346)) -> 241.98174 | N7: =(M7-M6)/M6 -> 0.069601638 | Q7: Errore standard | R7: 0.0083652125
A8: 44204 | B8: 210.25423 | C8: =YEAR(A8) -> 2021 | D8: =MONTH(A8) -> 1 | E8: =_xlfn.ISOWEEKNUM(A8) -> 1 | F8: =WEEKDAY(A8,2) -> 5 | G8: =_xlfn.MINIFS($A$4:$A$1346,$C$4:$C$1346,C8,$D$4:$D$1346,D8) -> 44200 | H8: =_xlfn.MAXIFS($A$4:$A$1346,$C$4:$C$1346,C8,$D$4:$D$1346,D8) -> 44225 | J8: 44319 | K8: 44344 | L8: =INDEX($B$4:$B$1346,MATCH(J8,$A$4:$A$1346)) -> 241.67467 | M8: =INDEX($B$4:$B$1346,MATCH(K8,$A$4:$A$1346)) -> 240.13605 | N8: =(M8-M7)/M7 -> -0.007627385 | Q8: Mediana | R8: 0.0065679036
A9: 44207 | B9: 208.21504 | C9: =YEAR(A9) -> 2021 | D9: =MONTH(A9) -> 1 | E9: =_xlfn.ISOWEEKNUM(A9) -> 2 | F9: =WEEKDAY(A9,2) -> 1 | G9: =_xlfn.MINIFS($A$4:$A$1346,$C$4:$C$1346,C9,$D$4:$D$1346,D9) -> 44200 | H9: =_xlfn.MAXIFS($A$4:$A$1346,$C$4:$C$1346,C9,$D$4:$D$1346,D9) -> 44225 | J9: 44348 | K9: 44377 | L9: =INDEX($B$4:$B$1346,MATCH(J9,$A$4:$A$1346)) -> 237.94315 | M9: =INDEX($B$4:$B$1346,MATCH(K9,$A$4:$A$1346)) -> 260.54498 | N9: =(M9-M8)/M8 -> 0.084989054 | Q9: Moda | R9: #N/A
A10: 44208 | B10: 205.76424 | C10: =YEAR(A10) -> 2021 | D10: =MONTH(A10) -> 1 | E10: =_xlfn.ISOWEEKNUM(A10) -> 2 | F10: =WEEKDAY(A10,2) -> 2 | G10: =_xlfn.MINIFS($A$4:$A$1346,$C$4:$C$1346,C10,$D$4:$D$1346,D10) -> 44200 | H10: =_xlfn.MAXIFS($A$4:$A$1346,$C$4:$C$1346,C10,$D$4:$D$1346,D10) -> 44225 | J10: 44378 | K10: 44407 | L10: =INDEX($B$4:$B$1346,MATCH(J10,$A$4:$A$1346)) -> 261.21817 | M10: =INDEX($B$4:$B$1346,MATCH(K10,$A$4:$A$1346)) -> 274.01935 | N10: =(M10-M9)/M9 -> 0.05171608 | Q10: Deviazione standard | R10: 0.0669217
A11: 44209 | B11: 207.11411 | C11: =YEAR(A11) -> 2021 | D11: =MONTH(A11) -> 1 | E11: =_xlfn.ISOWEEKNUM(A11) -> 2 | F11: =WEEKDAY(A11,2) -> 3 | G11: =_xlfn.MINIFS($A$4:$A$1346,$C$4:$C$1346,C11,$D$4:$D$1346,D11) -> 44200 | H11: =_xlfn.MAXIFS($A$4:$A$1346,$C$4:$C$1346,C11,$D$4:$D$1346,D11) -> 44225 | J11: 44410 | K11: 44439 | L11: =INDEX($B$4:$B$1346,MATCH(J11,$A$4:$A$1346)) -> 273.93292 | M11: =INDEX($B$4:$B$1346,MATCH(K11,$A$4:$A$1346)) -> 290.89664 | N11: =(M11-M10)/M10 -> 0.061591595 | Q11: Varianza campionaria | R11: 0.004478514
A12: 44210 | B12: 203.9357 | C12: =YEAR(A12) -> 2021 | D12: =MONTH(A12) -> 1 | E12: =_xlfn.ISOWEEKNUM(A12) -> 2 | F12: =WEEKDAY(A12,2) -> 4 | G12: =_xlfn.MINIFS($A$4:$A$1346,$C$4:$C$1346,C12,$D$4:$D$1346,D12) -> 44200 | H12: =_xlfn.MAXIFS($A$4:$A$1346,$C$4:$C$1346,C12,$D$4:$D$1346,D12) -> 44225 | J12: 44440 | K12: 44469 | L12: =INDEX($B$4:$B$1346,MATCH(J12,$A$4:$A$1346)) -> 290.8483 | M12: =INDEX($B$4:$B$1346,MATCH(K12,$A$4:$A$1346)) -> 271.66281 | N12: =(M12-M11)/M11 -> -0.066119106 | Q12: Curtosi | R12: -0.29153618
A13: 44211 | B13: 203.58147 | C13: =YEAR(A13) -> 2021 | D13: =MONTH(A13) -> 1 | E13: =_xlfn.ISOWEEKNUM(A13) -> 2 | F13: =WEEKDAY(A13,2) -> 5 | G13: =_xlfn.MINIFS($A$4:$A$1346,$C$4:$C$1346,C13,$D$4:$D$1346,D13) -> 44200 | H13: =_xlfn.MAXIFS($A$4:$A$1346,$C$4:$C$1346,C13,$D$4:$D$1346,D13) -> 44225 | J13: 44470 | K13: 44498 | L13: =INDEX($B$4:$B$1346,MATCH(J13,$A$4:$A$1346)) -> 278.58154 | M13: =INDEX($B$4:$B$1346,MATCH(K13,$A$4:$A$1346)) -> 319.55453 | N13: =(M13-M12)/M12 -> 0.17629106 | Q13: Asimmetria | R13: 0.31862476
A14: 44215 | B14: 207.20987 | C14: =YEAR(A14) -> 2021 | D14: =MONTH(A14) -> 1 | E14: =_xlfn.ISOWEEKNUM(A14) -> 3 | F14: =WEEKDAY(A14,2) -> 2 | G14: =_xlfn.MINIFS($A$4:$A$1346,$C$4:$C$1346,C14,$D$4:$D$1346,D14) -> 44200 | H14: =_xlfn.MAXIFS($A$4:$A$1346,$C$4:$C$1346,C14,$D$4:$D$1346,D14) -> 44225 | J14: 44501 | K14: 44530 | L14: =INDEX($B$4:$B$1346,MATCH(J14,$A$4:$A$1346)) -> 317.38638 | M14: =INDEX($B$4:$B$1346,MATCH(K14,$A$4:$A$1346)) -> 319.14484 | N14: =(M14-M13)/M13 -> -0.0012820925 | Q14: Intervallo | R14: 0.28656359
A15: 44216 | B15: 214.77293 | C15: =YEAR(A15) -> 2021 | D15: =MONTH(A15) -> 1 | E15: =_xlfn.ISOWEEKNUM(A15) -> 3 | F15: =WEEKDAY(A15,2) -> 3 | G15: =_xlfn.MINIFS($A$4:$A$1346,$C$4:$C$1346,C15,$D$4:$D$1346,D15) -> 44200 | H15: =_xlfn.MAXIFS($A$4:$A$1346,$C$4:$C$1346,C15,$D$4:$D$1346,D15) -> 44225 | J15: 44531 | K15: 44561 | L15: =INDEX($B$4:$B$1346,MATCH(J15,$A$4:$A$1346)) -> 318.65253 | M15: =INDEX($B$4:$B$1346,MATCH(K15,$A$4:$A$1346)) -> 324.67642 | N15: =(M15-M14)/M14 -> 0.017332524 | Q15: Minimo | R15: -0.11027253
A16: 44217 | B16: 215.37611 | C16: =YEAR(A16) -> 2021 | D16: =MONTH(A16) -> 1 | E16: =_xlfn.ISOWEEKNUM(A16) -> 3 | F16: =WEEKDAY(A16,2) -> 4 | G16: =_xlfn.MINIFS($A$4:$A$1346,$C$4:$C$1346,C16,$D$4:$D$1346,D16) -> 44200 | H16: =_xlfn.MAXIFS($A$4:$A$1346,$C$4:$C$1346,C16,$D$4:$D$1346,D16) -> 44225 | J16: 44564 | K16: 44592 | L16: =INDEX($B$4:$B$1346,MATCH(J16,$A$4:$A$1346)) -> 323.16074 | M16: =INDEX($B$4:$B$1346,MATCH(K16,$A$4:$A$1346)) -> 300.21368 | N16: =(M16-M15)/M15 -> -0.075344978 | Q16: Massimo | R16: 0.17629106
A17: 44218 | B17: 216.31425 | C17: =YEAR(A17) -> 2021 | D17: =MONTH(A17) -> 1 | E17: =_xlfn.ISOWEEKNUM(A17) -> 3 | F17: =WEEKDAY(A17,2) -> 5 | G17: =_xlfn.MINIFS($A$4:$A$1346,$C$4:$C$1346,C17,$D$4:$D$1346,D17) -> 44200 | H17: =_xlfn.MAXIFS($A$4:$A$1346,$C$4:$C$1346,C17,$D$4:$D$1346,D17) -> 44225 | J17: 44593 | K17: 44620 | L17: =INDEX($B$4:$B$1346,MATCH(J17,$A$4:$A$1346)) -> 298.07053 | M17: =INDEX($B$4:$B$1346,MATCH(K17,$A$4:$A$1346)) -> 289.04221 | N17: =(M17-M16)/M16 -> -0.037211756 | Q17: Somma | R17: 0.76677127
A18: 44221 | B18: 219.74161 | C18: =YEAR(A18) -> 2021 | D18: =MONTH(A18) -> 1 | E18: =_xlfn.ISOWEEKNUM(A18) -> 4 | F18: =WEEKDAY(A18,2) -> 1 | G18: =_xlfn.MINIFS($A$4:$A$1346,$C$4:$C$1346,C18,$D$4:$D$1346,D18) -> 44200 | H18: =_xlfn.MAXIFS($A$4:$A$1346,$C$4:$C$1346,C18,$D$4:$D$1346,D18) -> 44225 | J18: 44621 | K18: 44651 | L18: =INDEX($B$4:$B$1346,MATCH(J18,$A$4:$A$1346)) -> 285.32742 | M18: =INDEX($B$4:$B$1346,MATCH(K18,$A$4:$A$1346)) -> 298.25159 | N18: =(M18-M17)/M17 -> 0.031861717 | Q18: Conteggio | R18: 64
A19: 44222 | B19: 222.42221 | C19: =YEAR(A19) -> 2021 | D19: =MONTH(A19) -> 1 | E19: =_xlfn.ISOWEEKNUM(A19) -> 4 | F19: =WEEKDAY(A19,2) -> 2 | G19: =_xlfn.MINIFS($A$4:$A$1346,$C$4:$C$1346,C19,$D$4:$D$1346,D19) -> 44200 | H19: =_xlfn.MAXIFS($A$4:$A$1346,$C$4:$C$1346,C19,$D$4:$D$1346,D19) -> 44225 | J19: 44652 | K19: 44680 | L19: =INDEX($B$4:$B$1346,MATCH(J19,$A$4:$A$1346)) -> 299.32541 | M19: =INDEX($B$4:$B$1346,MATCH(K19,$A$4:$A$1346)) -> 268.46613 | N19: =(M19-M18)/M18 -> -0.0998669 | Q19: Livello di confidenza(95,0%) | R19: 0.016716543
A20: 44223 | B20: 222.96788 | C20: =YEAR(A20) -> 2021 | D20: =MONTH(A20) -> 1 | E20: =_xlfn.ISOWEEKNUM(A20) -> 4 | F20: =WEEKDAY(A20,2) -> 3 | G20: =_xlfn.MINIFS($A$4:$A$1346,$C$4:$C$1346,C20,$D$4:$D$1346,D20) -> 44200 | H20: =_xlfn.MAXIFS($A$4:$A$1346,$C$4:$C$1346,C20,$D$4:$D$1346,D20) -> 44225 | J20: 44683 | K20: 44712 | L20: =INDEX($B$4:$B$1346,MATCH(J20,$A$4:$A$1346)) -> 275.18939 | M20: =INDEX($B$4:$B$1346,MATCH(K20,$A$4:$A$1346)) -> 263.61298 | N20: =(M20-M19)/M19 -> -0.018077325
A21: 44224 | B21: 228.74074 | C21: =YEAR(A21) -> 2021 | D21: =MONTH(A21) -> 1 | E21: =_xlfn.ISOWEEKNUM(A21) -> 4 | F21: =WEEKDAY(A21,2) -> 4 | G21: =_xlfn.MINIFS($A$4:$A$1346,$C$4:$C$1346,C21,$D$4:$D$1346,D21) -> 44200 | H21: =_xlfn.MAXIFS($A$4:$A$1346,$C$4:$C$1346,C21,$D$4:$D$1346,D21) -> 44225 | J21: 44713 | K21: 44742 | L21: =INDEX($B$4:$B$1346,MATCH(J21,$A$4:$A$1346)) -> 264.1463 | M21: =INDEX($B$4:$B$1346,MATCH(K21,$A$4:$A$1346)) -> 249.02975 | N21: =(M21-M20)/M20 -> -0.055320575
A22: 44225 | B22: 222.06799 | C22: =YEAR(A22) -> 2021 | D22: =MONTH(A22) -> 1 | E22: =_xlfn.ISOWEEKNUM(A22) -> 4 | F22: =WEEKDAY(A22,2) -> 5 | G22: =_xlfn.MINIFS($A$4:$A$1346,$C$4:$C$1346,C22,$D$4:$D$1346,D22) -> 44200 | H22: =_xlfn.MAXIFS($A$4:$A$1346,$C$4:$C$1346,C22,$D$4:$D$1346,D22) -> 44225 | J22: 44743 | K22: 44771 | L22: =INDEX($B$4:$B$1346,MATCH(J22,$A$4:$A$1346)) -> 251.69621 | M22: =INDEX($B$4:$B$1346,MATCH(K22,$A$4:$A$1346)) -> 272.21359 | N22: =(M22-M21)/M21 -> 0.093096658
A23: 44228 | B23: 229.43005 | C23: =YEAR(A23) -> 2021 | D23: =MONTH(A23) -> 2 | E23: =_xlfn.ISOWEEKNUM(A23) -> 5 | F23: =WEEKDAY(A23,2) -> 1 | G23: =_xlfn.MINIFS($A$4:$A$1346,$C$4:$C$1346,C23,$D$4:$D$1346,D23) -> 44228 | H23: =_xlfn.MAXIFS($A$4:$A$1346,$C$4:$C$1346,C23,$D$4:$D$1346,D23) -> 44253 | J23: 44774 | K23: 44804 | L23: =INDEX($B$4:$B$1346,MATCH(J23,$A$4:$A$1346)) -> 269.56653 | M23: =INDEX($B$4:$B$1346,MATCH(K23,$A$4:$A$1346)) -> 254.06694 | N23: =(M23-M22)/M22 -> -0.066663285
A24: 44229 | B24: 229.29599 | C24: =YEAR(A24) -> 2021 | D24: =MONTH(A24) -> 2 | E24: =_xlfn.ISOWEEKNUM(A24) -> 5 | F24: =WEEKDAY(A24,2) -> 2 | G24: =_xlfn.MINIFS($A$4:$A$1346,$C$4:$C$1346,C24,$D$4:$D$1346,D24) -> 44228 | H24: =_xlfn.MAXIFS($A$4:$A$1346,$C$4:$C$1346,C24,$D$4:$D$1346,D24) -> 44253 | J24: 44805 | K24: 44834 | L24: =INDEX($B$4:$B$1346,MATCH(J24,$A$4:$A$1346)) -> 253.02727 | M24: =INDEX($B$4:$B$1346,MATCH(K24,$A$4:$A$1346)) -> 226.30586 | N24: =(M24-M23)/M23 -> -0.10926679
A25: 44230 | B25: 232.63716 | C25: =YEAR(A25) -> 2021 | D25: =MONTH(A25) -> 2 | E25: =_xlfn.ISOWEEKNUM(A25) -> 5 | F25: =WEEKDAY(A25,2) -> 3 | G25: =_xlfn.MINIFS($A$4:$A$1346,$C$4:$C$1346,C25,$D$4:$D$1346,D25) -> 44228 | H25: =_xlfn.MAXIFS($A$4:$A$1346,$C$4:$C$1346,C25,$D$4:$D$1346,D25) -> 44253 | J25: 44837 | K25: 44865 | L25: =INDEX($B$4:$B$1346,MATCH(J25,$A$4:$A$1346)) -> 233.92389 | M25: =INDEX($B$4:$B$1346,MATCH(K25,$A$4:$A$1346)) -> 225.55766 | N25: =(M25-M24)/M24 -> -0.0033061426
A26: 44231 | B26: 231.68939 | C26: =YEAR(A26) -> 2021 | D26: =MONTH(A26) -> 2 | E26: =_xlfn.ISOWEEKNUM(A26) -> 5 | F26: =WEEKDAY(A26,2) -> 4 | G26: =_xlfn.MINIFS($A$4:$A$1346,$C$4:$C$1346,C26,$D$4:$D$1346,D26) -> 44228 | H26: =_xlfn.MAXIFS($A$4:$A$1346,$C$4:$C$1346,C26,$D$4:$D$1346,D26) -> 44253 | J26: 44866 | K26: 44895 | L26: =INDEX($B$4:$B$1346,MATCH(J26,$A$4:$A$1346)) -> 221.70981 | M26: =INDEX($B$4:$B$1346,MATCH(K26,$A$4:$A$1346)) -> 248.61484 | N26: =(M26-M25)/M25 -> 0.10222297
A27: 44232 | B27: 231.87132 | C27: =YEAR(A27) -> 2021 | D27: =MONTH(A27) -> 2 | E27: =_xlfn.ISOWEEKNUM(A27) -> 5 | F27: =WEEKDAY(A27,2) -> 5 | G27: =_xlfn.MINIFS($A$4:$A$1346,$C$4:$C$1346,C27,$D$4:$D$1346,D27) -> 44228 | H27: =_xlfn.MAXIFS($A$4:$A$1346,$C$4:$C$1346,C27,$D$4:$D$1346,D27) -> 44253 | J27: 44896 | K27: 44925 | L27: =INDEX($B$4:$B$1346,MATCH(J27,$A$4:$A$1346)) -> 248.17636 | M27: =INDEX($B$4:$B$1346,MATCH(K27,$A$4:$A$1346)) -> 233.68668 | N27: =(M27-M26)/M26 -> -0.060045337
A28: 44235 | B28: 232.12979 | C28: =YEAR(A28) -> 2021 | D28: =MONTH(A28) -> 2 | E28: =_xlfn.ISOWEEKNUM(A28) -> 6 | F28: =WEEKDAY(A28,2) -> 1 | G28: =_xlfn.MINIFS($A$4:$A$1346,$C$4:$C$1346,C28,$D$4:$D$1346,D28) -> 44228 | H28: =_xlfn.MAXIFS($A$4:$A$1346,$C$4:$C$1346,C28,$D$4:$D$1346,D28) -> 44253 | J28: 44929 | K28: 44957 | L28: =INDEX($B$4:$B$1346,MATCH(J28,$A$4:$A$1346)) -> 233.4528 | M28: =INDEX($B$4:$B$1346,MATCH(K28,$A$4:$A$1346)) -> 241.47234 | N28: =(M28-M27)/M27 -> 0.033316661
A29: 44236 | B29: 233.37436 | C29: =YEAR(A29) -> 2021 | D29: =MONTH(A29) -> 2 | E29: =_xlfn.ISOWEEKNUM(A29) -> 6 | F29: =WEEKDAY(A29,2) -> 2 | G29: =_xlfn.MINIFS($A$4:$A$1346,$C$4:$C$1346,C29,$D$4:$D$1346,D29) -> 44228 | H29: =_xlfn.MAXIFS($A$4:$A$1346,$C$4:$C$1346,C29,$D$4:$D$1346,D29) -> 44253 | J29: 44958 | K29: 44985 | L29: =INDEX($B$4:$B$1346,MATCH(J29,$A$4:$A$1346)) -> 246.28598 | M29: =INDEX($B$4:$B$1346,MATCH(K29,$A$4:$A$1346)) -> 243.64987 | N29: =(M29-M28)/M28 -> 0.0090177453
A30: 44237 | B30: 232.46487 | C30: =YEAR(A30) -> 2021 | D30: =MONTH(A30) -> 2 | E30: =_xlfn.ISOWEEKNUM(A30) -> 6 | F30: =WEEKDAY(A30,2) -> 3 | G30: =_xlfn.MINIFS($A$4:$A$1346,$C$4:$C$1346,C30,$D$4:$D$1346,D30) -> 44228 | H30: =_xlfn.MAXIFS($A$4:$A$1346,$C$4:$C$1346,C30,$D$4:$D$1346,D30) -> 44253 | J30: 44986 | K30: 45016 | L30: =INDEX($B$4:$B$1346,MATCH(J30,$A$4:$A$1346)) -> 240.57277 | M30: =INDEX($B$4:$B$1346,MATCH(K30,$A$4:$A$1346)) -> 281.63037 | N30: =(M30-M29)/M29 -> 0.15588147
A31: 44238 | B31: 234.06361 | C31: =YEAR(A31) -> 2021 | D31: =MONTH(A31) -> 2 | E31: =_xlfn.ISOWEEKNUM(A31) -> 6 | F31: =WEEKDAY(A31,2) -> 4 | G31: =_xlfn.MINIFS($A$4:$A$1346,$C$4:$C$1346,C31,$D$4:$D$1346,D31) -> 44228 | H31: =_xlfn.MAXIFS($A$4:$A$1346,$C$4:$C$1346,C31,$D$4:$D$1346,D31) -> 44253 | J31: 45019 | K31: 45044 | L31: =INDEX($B$4:$B$1346,MATCH(J31,$A$4:$A$1346)) -> 280.58524 | M31: =INDEX($B$4:$B$1346,MATCH(K31,$A$4:$A$1346)) -> 300.15182 | N31: =(M31-M30)/M30 -> 0.065765115
... A68: 44293 | B68: 239.79398 | C68: =YEAR(A68) -> 2021 | D68: =MONTH(A68) -> 4 | E68: =_xlfn.ISOWEEKNUM(A68) -> 14 | F68: =WEEKDAY(A68,2) -> 3 | G68: =_xlfn.MINIFS($A$4:$A$1346,$C$4:$C$1346,C68,$D$4:$D$1346,D68) -> 44287 | H68: =_xlfn.MAXIFS($A$4:$A$1346,$C$4:$C$1346,C68,$D$4:$D$1346,D68) -> 44316 | J68: 46143 | K68: 46150 | L68: =INDEX($B$4:$B$1346,MATCH(J68,$A$4:$A$1346)) -> 414.44 | M68: =INDEX($B$4:$B$1346,MATCH(K68,$A$4:$A$1346)) -> 415.12 | N68: =(M68-M67)/M67 -> 0.017999893
A69: 44294 | B69: 243.00847 | C69: =YEAR(A69) -> 2021 | D69: =MONTH(A69) -> 4 | E69: =_xlfn.ISOWEEKNUM(A69) -> 14 | F69: =WEEKDAY(A69,2) -> 4 | G69: =_xlfn.MINIFS($A$4:$A$1346,$C$4:$C$1346,C69,$D$4:$D$1346,D69) -> 44287 | H69: =_xlfn.MAXIFS($A$4:$A$1346,$C$4:$C$1346,C69,$D$4:$D$1346,D69) -> 44316
A70: 44295 | B70: 245.50334 | C70: =YEAR(A70) -> 2021 | D70: =MONTH(A70) -> 4 | E70: =_xlfn.ISOWEEKNUM(A70) -> 14 | F70: =WEEKDAY(A70,2) -> 5 | G70: =_xlfn.MINIFS($A$4:$A$1346,$C$4:$C$1346,C70,$D$4:$D$1346,D70) -> 44287 | H70: =_xlfn.MAXIFS($A$4:$A$1346,$C$4:$C$1346,C70,$D$4:$D$1346,D70) -> 44316
A71: 44298 | B71: 245.5609 | C71: =YEAR(A71) -> 2021 | D71: =MONTH(A71) -> 4 | E71: =_xlfn.ISOWEEKNUM(A71) -> 15 | F71: =WEEKDAY(A71,2) -> 1 | G71: =_xlfn.MINIFS($A$4:$A$1346,$C$4:$C$1346,C71,$D$4:$D$1346,D71) -> 44287 | H71: =_xlfn.MAXIFS($A$4:$A$1346,$C$4:$C$1346,C71,$D$4:$D$1346,D71) -> 44316
A72: 44299 | B72: 248.03654 | C72: =YEAR(A72) -> 2021 | D72: =MONTH(A72) -> 4 | E72: =_xlfn.ISOWEEKNUM(A72) -> 15 | F72: =WEEKDAY(A72,2) -> 2 | G72: =_xlfn.MINIFS($A$4:$A$1346,$C$4:$C$1346,C72,$D$4:$D$1346,D72) -> 44287 | H72: =_xlfn.MAXIFS($A$4:$A$1346,$C$4:$C$1346,C72,$D$4:$D$1346,D72) -> 44316
A73: 44300 | B73: 245.25381 | C73: =YEAR(A73) -> 2021 | D73: =MONTH(A73) -> 4 | E73: =_xlfn.ISOWEEKNUM(A73) -> 15 | F73: =WEEKDAY(A73,2) -> 3 | G73: =_xlfn.MINIFS($A$4:$A$1346,$C$4:$C$1346,C73,$D$4:$D$1346,D73) -> 44287 | H73: =_xlfn.MAXIFS($A$4:$A$1346,$C$4:$C$1346,C73,$D$4:$D$1346,D73) -> 44316
A74: 44301 | B74: 249.00571 | C74: =YEAR(A74) -> 2021 | D74: =MONTH(A74) -> 4 | E74: =_xlfn.ISOWEEKNUM(A74) -> 15 | F74: =WEEKDAY(A74,2) -> 4 | G74: =_xlfn.MINIFS($A$4:$A$1346,$C$4:$C$1346,C74,$D$4:$D$1346,D74) -> 44287 | H74: =_xlfn.MAXIFS($A$4:$A$1346,$C$4:$C$1346,C74,$D$4:$D$1346,D74) -> 44316
A75: 44302 | B75: 250.19553 | C75: =YEAR(A75) -> 2021 | D75: =MONTH(A75) -> 4 | E75: =_xlfn.ISOWEEKNUM(A75) -> 15 | F75: =WEEKDAY(A75,2) -> 5 | G75: =_xlfn.MINIFS($A$4:$A$1346,$C$4:$C$1346,C75,$D$4:$D$1346,D75) -> 44287 | H75: =_xlfn.MAXIFS($A$4:$A$1346,$C$4:$C$1346,C75,$D$4:$D$1346,D75) -> 44316
A76: 44305 | B76: 248.27643 | C76: =YEAR(A76) -> 2021 | D76: =MONTH(A76) -> 4 | E76: =_xlfn.ISOWEEKNUM(A76) -> 16 | F76: =WEEKDAY(A76,2) -> 1 | G76: =_xlfn.MINIFS($A$4:$A$1346,$C$4:$C$1346,C76,$D$4:$D$1346,D76) -> 44287 | H76: =_xlfn.MAXIFS($A$4:$A$1346,$C$4:$C$1346,C76,$D$4:$D$1346,D76) -> 44316
A77: 44306 | B77: 247.81583 | C77: =YEAR(A77) -> 2021 | D77: =MONTH(A77) -> 4 | E77: =_xlfn.ISOWEEKNUM(A77) -> 16 | F77: =WEEKDAY(A77,2) -> 2 | G77: =_xlfn.MINIFS($A$4:$A$1346,$C$4:$C$1346,C77,$D$4:$D$1346,D77) -> 44287 | H77: =_xlfn.MAXIFS($A$4:$A$1346,$C$4:$C$1346,C77,$D$4:$D$1346,D77) -> 44316
A78: 44307 | B78: 250.0421 | C78: =YEAR(A78) -> 2021 | D78: =MONTH(A78) -> 4 | E78: =_xlfn.ISOWEEKNUM(A78) -> 16 | F78: =WEEKDAY(A78,2) -> 3 | G78: =_xlfn.MINIFS($A$4:$A$1346,$C$4:$C$1346,C78,$D$4:$D$1346,D78) -> 44287 | H78: =_xlfn.MAXIFS($A$4:$A$1346,$C$4:$C$1346,C78,$D$4:$D$1346,D78) -> 44316
A79: 44308 | B79: 246.76996 | C79: =YEAR(A79) -> 2021 | D79: =MONTH(A79) -> 4 | E79: =_xlfn.ISOWEEKNUM(A79) -> 16 | F79: =WEEKDAY(A79,2) -> 4 | G79: =_xlfn.MINIFS($A$4:$A$1346,$C$4:$C$1346,C79,$D$4:$D$1346,D79) -> 44287 | H79: =_xlfn.MAXIFS($A$4:$A$1346,$C$4:$C$1346,C79,$D$4:$D$1346,D79) -> 44316
A80: 44309 | B80: 250.589 | C80: =YEAR(A80) -> 2021 | D80: =MONTH(A80) -> 4 | E80: =_xlfn.ISOWEEKNUM(A80) -> 16 | F80: =WEEKDAY(A80,2) -> 5 | G80: =_xlfn.MINIFS($A$4:$A$1346,$C$4:$C$1346,C80,$D$4:$D$1346,D80) -> 44287 | H80: =_xlfn.MAXIFS($A$4:$A$1346,$C$4:$C$1346,C80,$D$4:$D$1346,D80) -> 44316
... A1346: 46150 | B1346: 415.12 | C1346: =YEAR(A1346) -> 2026 | D1346: =MONTH(A1346) -> 5 | E1346: =_xlfn.ISOWEEKNUM(A1346) -> 19 | F1346: =WEEKDAY(A1346,2) -> 5 | G1346: =_xlfn.MINIFS($A$4:$A$1346,$C$4:$C$1346,C1346,$D$4:$D$1346,D1346) -> 46143 | H1346: =_xlfn.MAXIFS($A$4:$A$1346,$C$4:$C$1346,C1346,$D$4:$D$1346,D1346) -> 46150

Sheet Rend. Annuali MSFT
A1: RENDIMENTI ANNUALI DI MSFT
A3: Date | B3: Close | C3: Anno | D3: Mese | E3: Settimana ISO | F3: Giorno | G3: Data inizio anno | H3: Data fine anno | J3: Data inizio anno | K3: Data fine anno | L3: Prezzo chiusura inizio anno | M3: Prezzo chiusura fine anno | N3: Rendimenti annuali
A4: 44200 | B4: 208.40652 | C4: =YEAR(A4) -> 2021 | D4: =MONTH(A4) -> 1 | E4: =_xlfn.ISOWEEKNUM(A4) -> 1 | F4: =WEEKDAY(A4,2) -> 1 | G4: =_xlfn.MINIFS($A$4:$A$1346,$C$4:$C$1346,C4,$C$4:$C$1346,C4) -> 44200 | H4: =_xlfn.MAXIFS($A$4:$A$1346,$C$4:$C$1346,C4,$C$4:$C$1346,C4) -> 44561 | J4: {=_xlfn.UNIQUE(G4:G1346)} -> 44200 | K4: {=_xlfn.UNIQUE(H4:H1346)} -> 44561 | L4: =INDEX($B$4:$B$1346,MATCH(J4,$A$4:$A$1346)) -> 208.40652 | M4: =INDEX($B$4:$B$1346,MATCH(K4,$A$4:$A$1346)) -> 324.67642 | N4: 0
A5: 44201 | B5: 208.60757 | C5: =YEAR(A5) -> 2021 | D5: =MONTH(A5) -> 1 | E5: =_xlfn.ISOWEEKNUM(A5) -> 1 | F5: =WEEKDAY(A5,2) -> 2 | G5: =_xlfn.MINIFS($A$4:$A$1346,$C$4:$C$1346,C5,$C$4:$C$1346,C5) -> 44200 | H5: =_xlfn.MAXIFS($A$4:$A$1346,$C$4:$C$1346,C5,$C$4:$C$1346,C5) -> 44561 | J5: 44564 | K5: 44925 | L5: =INDEX($B$4:$B$1346,MATCH(J5,$A$4:$A$1346)) -> 323.16074 | M5: =INDEX($B$4:$B$1346,MATCH(K5,$A$4:$A$1346)) -> 233.68668 | N5: =(M5-M4)/M4 -> -0.28024747
A6: 44202 | B6: 203.19855 | C6: =YEAR(A6) -> 2021 | D6: =MONTH(A6) -> 1 | E6: =_xlfn.ISOWEEKNUM(A6) -> 1 | F6: =WEEKDAY(A6,2) -> 3 | G6: =_xlfn.MINIFS($A$4:$A$1346,$C$4:$C$1346,C6,$C$4:$C$1346,C6) -> 44200 | H6: =_xlfn.MAXIFS($A$4:$A$1346,$C$4:$C$1346,C6,$C$4:$C$1346,C6) -> 44561 | J6: 44929 | K6: 45289 | L6: =INDEX($B$4:$B$1346,MATCH(J6,$A$4:$A$1346)) -> 233.4528 | M6: =INDEX($B$4:$B$1346,MATCH(K6,$A$4:$A$1346)) -> 369.67194 | N6: =(M6-M5)/M5 -> 0.58191277
A7: 44203 | B7: 208.9809 | C7: =YEAR(A7) -> 2021 | D7: =MONTH(A7) -> 1 | E7: =_xlfn.ISOWEEKNUM(A7) -> 1 | F7: =WEEKDAY(A7,2) -> 4 | G7: =_xlfn.MINIFS($A$4:$A$1346,$C$4:$C$1346,C7,$C$4:$C$1346,C7) -> 44200 | H7: =_xlfn.MAXIFS($A$4:$A$1346,$C$4:$C$1346,C7,$C$4:$C$1346,C7) -> 44561 | J7: 45293 | K7: 45657 | L7: =INDEX($B$4:$B$1346,MATCH(J7,$A$4:$A$1346)) -> 364.58948 | M7: =INDEX($B$4:$B$1346,MATCH(K7,$A$4:$A$1346)) -> 417.46063 | N7: =(M7-M6)/M6 -> 0.12927326
A8: 44204 | B8: 210.25423 | C8: =YEAR(A8) -> 2021 | D8: =MONTH(A8) -> 1 | E8: =_xlfn.ISOWEEKNUM(A8) -> 1 | F8: =WEEKDAY(A8,2) -> 5 | G8: =_xlfn.MINIFS($A$4:$A$1346,$C$4:$C$1346,C8,$C$4:$C$1346,C8) -> 44200 | H8: =_xlfn.MAXIFS($A$4:$A$1346,$C$4:$C$1346,C8,$C$4:$C$1346,C8) -> 44561 | J8: 45659 | K8: 46022 | L8: =INDEX($B$4:$B$1346,MATCH(J8,$A$4:$A$1346)) -> 414.5686 | M8: =INDEX($B$4:$B$1346,MATCH(K8,$A$4:$A$1346)) -> 482.51868 | N8: =(M8-M7)/M7 -> 0.15584235
A9: 44207 | B9: 208.21504 | C9: =YEAR(A9) -> 2021 | D9: =MONTH(A9) -> 1 | E9: =_xlfn.ISOWEEKNUM(A9) -> 2 | F9: =WEEKDAY(A9,2) -> 1 | G9: =_xlfn.MINIFS($A$4:$A$1346,$C$4:$C$1346,C9,$C$4:$C$1346,C9) -> 44200 | H9: =_xlfn.MAXIFS($A$4:$A$1346,$C$4:$C$1346,C9,$C$4:$C$1346,C9) -> 44561 | J9: 46024 | K9: 46150 | L9: =INDEX($B$4:$B$1346,MATCH(J9,$A$4:$A$1346)) -> 471.86301 | M9: =INDEX($B$4:$B$1346,MATCH(K9,$A$4:$A$1346)) -> 415.12 | N9: =(M9-M8)/M8 -> -0.13968098
A10: 44208 | B10: 205.76424 | C10: =YEAR(A10) -> 2021 | D10: =MONTH(A10) -> 1 | E10: =_xlfn.ISOWEEKNUM(A10) -> 2 | F10: =WEEKDAY(A10,2) -> 2 | G10: =_xlfn.MINIFS($A$4:$A$1346,$C$4:$C$1346,C10,$C$4:$C$1346,C10) -> 44200 | H10: =_xlfn.MAXIFS($A$4:$A$1346,$C$4:$C$1346,C10,$C$4:$C$1346,C10) -> 44561
A11: 44209 | B11: 207.11411 | C11: =YEAR(A11) -> 2021 | D11: =MONTH(A11) -> 1 | E11: =_xlfn.ISOWEEKNUM(A11) -> 2 | F11: =WEEKDAY(A11,2) -> 3 | G11: =_xlfn.MINIFS($A$4:$A$1346,$C$4:$C$1346,C11,$C$4:$C$1346,C11) -> 44200 | H11: =_xlfn.MAXIFS($A$4:$A$1346,$C$4:$C$1346,C11,$C$4:$C$1346,C11) -> 44561
A12: 44210 | B12: 203.9357 | C12: =YEAR(A12) -> 2021 | D12: =MONTH(A12) -> 1 | E12: =_xlfn.ISOWEEKNUM(A12) -> 2 | F12: =WEEKDAY(A12,2) -> 4 | G12: =_xlfn.MINIFS($A$4:$A$1346,$C$4:$C$1346,C12,$C$4:$C$1346,C12) -> 44200 | H12: =_xlfn.MAXIFS($A$4:$A$1346,$C$4:$C$1346,C12,$C$4:$C$1346,C12) -> 44561 | L12: Statistiche rendimenti annuali MSFT
A13: 44211 | B13: 203.58147 | C13: =YEAR(A13) -> 2021 | D13: =MONTH(A13) -> 1 | E13: =_xlfn.ISOWEEKNUM(A13) -> 2 | F13: =WEEKDAY(A13,2) -> 5 | G13: =_xlfn.MINIFS($A$4:$A$1346,$C$4:$C$1346,C13,$C$4:$C$1346,C13) -> 44200 | H13: =_xlfn.MAXIFS($A$4:$A$1346,$C$4:$C$1346,C13,$C$4:$C$1346,C13) -> 44561
A14: 44215 | B14: 207.20987 | C14: =YEAR(A14) -> 2021 | D14: =MONTH(A14) -> 1 | E14: =_xlfn.ISOWEEKNUM(A14) -> 3 | F14: =WEEKDAY(A14,2) -> 2 | G14: =_xlfn.MINIFS($A$4:$A$1346,$C$4:$C$1346,C14,$C$4:$C$1346,C14) -> 44200 | H14: =_xlfn.MAXIFS($A$4:$A$1346,$C$4:$C$1346,C14,$C$4:$C$1346,C14) -> 44561 | L14: Media | M14: 0.089419984
A15: 44216 | B15: 214.77293 | C15: =YEAR(A15) -> 2021 | D15: =MONTH(A15) -> 1 | E15: =_xlfn.ISOWEEKNUM(A15) -> 3 | F15: =WEEKDAY(A15,2) -> 3 | G15: =_xlfn.MINIFS($A$4:$A$1346,$C$4:$C$1346,C15,$C$4:$C$1346,C15) -> 44200 | H15: =_xlfn.MAXIFS($A$4:$A$1346,$C$4:$C$1346,C15,$C$4:$C$1346,C15) -> 44561 | L15: Errore standard | M15: 0.14793421
A16: 44217 | B16: 215.37611 | C16: =YEAR(A16) -> 2021 | D16: =MONTH(A16) -> 1 | E16: =_xlfn.ISOWEEKNUM(A16) -> 3 | F16: =WEEKDAY(A16,2) -> 4 | G16: =_xlfn.MINIFS($A$4:$A$1346,$C$4:$C$1346,C16,$C$4:$C$1346,C16) -> 44200 | H16: =_xlfn.MAXIFS($A$4:$A$1346,$C$4:$C$1346,C16,$C$4:$C$1346,C16) -> 44561 | L16: Mediana | M16: 0.12927326
A17: 44218 | B17: 216.31425 | C17: =YEAR(A17) -> 2021 | D17: =MONTH(A17) -> 1 | E17: =_xlfn.ISOWEEKNUM(A17) -> 3 | F17: =WEEKDAY(A17,2) -> 5 | G17: =_xlfn.MINIFS($A$4:$A$1346,$C$4:$C$1346,C17,$C$4:$C$1346,C17) -> 44200 | H17: =_xlfn.MAXIFS($A$4:$A$1346,$C$4:$C$1346,C17,$C$4:$C$1346,C17) -> 44561 | L17: Moda | M17: #N/A
A18: 44221 | B18: 219.74161 | C18: =YEAR(A18) -> 2021 | D18: =MONTH(A18) -> 1 | E18: =_xlfn.ISOWEEKNUM(A18) -> 4 | F18: =WEEKDAY(A18,2) -> 1 | G18: =_xlfn.MINIFS($A$4:$A$1346,$C$4:$C$1346,C18,$C$4:$C$1346,C18) -> 44200 | H18: =_xlfn.MAXIFS($A$4:$A$1346,$C$4:$C$1346,C18,$C$4:$C$1346,C18) -> 44561 | L18: Deviazione standard | M18: 0.33079096
A19: 44222 | B19: 222.42221 | C19: =YEAR(A19) -> 2021 | D19: =MONTH(A19) -> 1 | E19: =_xlfn.ISOWEEKNUM(A19) -> 4 | F19: =WEEKDAY(A19,2) -> 2 | G19: =_xlfn.MINIFS($A$4:$A$1346,$C$4:$C$1346,C19,$C$4:$C$1346,C19) -> 44200 | H19: =_xlfn.MAXIFS($A$4:$A$1346,$C$4:$C$1346,C19,$C$4:$C$1346,C19) -> 44561 | L19: Varianza campionaria | M19: 0.10942266
A20: 44223 | B20: 222.96788 | C20: =YEAR(A20) -> 2021 | D20: =MONTH(A20) -> 1 | E20: =_xlfn.ISOWEEKNUM(A20) -> 4 | F20: =WEEKDAY(A20,2) -> 3 | G20: =_xlfn.MINIFS($A$4:$A$1346,$C$4:$C$1346,C20,$C$4:$C$1346,C20) -> 44200 | H20: =_xlfn.MAXIFS($A$4:$A$1346,$C$4:$C$1346,C20,$C$4:$C$1346,C20) -> 44561 | L20: Curtosi | M20: 0.3812719
A21: 44224 | B21: 228.74074 | C21: =YEAR(A21) -> 2021 | D21: =MONTH(A21) -> 1 | E21: =_xlfn.ISOWEEKNUM(A21) -> 4 | F21: =WEEKDAY(A21,2) -> 4 | G21: =_xlfn.MINIFS($A$4:$A$1346,$C$4:$C$1346,C21,$C$4:$C$1346,C21) -> 44200 | H21: =_xlfn.MAXIFS($A$4:$A$1346,$C$4:$C$1346,C21,$C$4:$C$1346,C21) -> 44561 | L21: Asimmetria | M21: 0.65924161
A22: 44225 | B22: 222.06799 | C22: =YEAR(A22) -> 2021 | D22: =MONTH(A22) -> 1 | E22: =_xlfn.ISOWEEKNUM(A22) -> 4 | F22: =WEEKDAY(A22,2) -> 5 | G22: =_xlfn.MINIFS($A$4:$A$1346,$C$4:$C$1346,C22,$C$4:$C$1346,C22) -> 44200 | H22: =_xlfn.MAXIFS($A$4:$A$1346,$C$4:$C$1346,C22,$C$4:$C$1346,C22) -> 44561 | L22: Intervallo | M22: 0.86216024
A23: 44228 | B23: 229.43005 | C23: =YEAR(A23) -> 2021 | D23: =MONTH(A23) -> 2 | E23: =_xlfn.ISOWEEKNUM(A23) -> 5 | F23: =WEEKDAY(A23,2) -> 1 | G23: =_xlfn.MINIFS($A$4:$A$1346,$C$4:$C$1346,C23,$C$4:$C$1346,C23) -> 44200 | H23: =_xlfn.MAXIFS($A$4:$A$1346,$C$4:$C$1346,C23,$C$4:$C$1346,C23) -> 44561 | L23: Minimo | M23: -0.28024747
A24: 44229 | B24: 229.29599 | C24: =YEAR(A24) -> 2021 | D24: =MONTH(A24) -> 2 | E24: =_xlfn.ISOWEEKNUM(A24) -> 5 | F24: =WEEKDAY(A24,2) -> 2 | G24: =_xlfn.MINIFS($A$4:$A$1346,$C$4:$C$1346,C24,$C$4:$C$1346,C24) -> 44200 | H24: =_xlfn.MAXIFS($A$4:$A$1346,$C$4:$C$1346,C24,$C$4:$C$1346,C24) -> 44561 | L24: Massimo | M24: 0.58191277
A25: 44230 | B25: 232.63716 | C25: =YEAR(A25) -> 2021 | D25: =MONTH(A25) -> 2 | E25: =_xlfn.ISOWEEKNUM(A25) -> 5 | F25: =WEEKDAY(A25,2) -> 3 | G25: =_xlfn.MINIFS($A$4:$A$1346,$C$4:$C$1346,C25,$C$4:$C$1346,C25) -> 44200 | H25: =_xlfn.MAXIFS($A$4:$A$1346,$C$4:$C$1346,C25,$C$4:$C$1346,C25) -> 44561 | L25: Somma | M25: 0.44709992
A26: 44231 | B26: 231.68939 | C26: =YEAR(A26) -> 2021 | D26: =MONTH(A26) -> 2 | E26: =_xlfn.ISOWEEKNUM(A26) -> 5 | F26: =WEEKDAY(A26,2) -> 4 | G26: =_xlfn.MINIFS($A$4:$A$1346,$C$4:$C$1346,C26,$C$4:$C$1346,C26) -> 44200 | H26: =_xlfn.MAXIFS($A$4:$A$1346,$C$4:$C$1346,C26,$C$4:$C$1346,C26) -> 44561 | L26: Conteggio | M26: 5
A27: 44232 | B27: 231.87132 | C27: =YEAR(A27) -> 2021 | D27: =MONTH(A27) -> 2 | E27: =_xlfn.ISOWEEKNUM(A27) -> 5 | F27: =WEEKDAY(A27,2) -> 5 | G27: =_xlfn.MINIFS($A$4:$A$1346,$C$4:$C$1346,C27,$C$4:$C$1346,C27) -> 44200 | H27: =_xlfn.MAXIFS($A$4:$A$1346,$C$4:$C$1346,C27,$C$4:$C$1346,C27) -> 44561 | L27: Livello di confidenza(95,0%) | M27: 0.41073122
A28: 44235 | B28: 232.12979 | C28: =YEAR(A28) -> 2021 | D28: =MONTH(A28) -> 2 | E28: =_xlfn.ISOWEEKNUM(A28) -> 6 | F28: =WEEKDAY(A28,2) -> 1 | G28: =_xlfn.MINIFS($A$4:$A$1346,$C$4:$C$1346,C28,$C$4:$C$1346,C28) -> 44200 | H28: =_xlfn.MAXIFS($A$4:$A$1346,$C$4:$C$1346,C28,$C$4:$C$1346,C28) -> 44561
A29: 44236 | B29: 233.37436 | C29: =YEAR(A29) -> 2021 | D29: =MONTH(A29) -> 2 | E29: =_xlfn.ISOWEEKNUM(A29) -> 6 | F29: =WEEKDAY(A29,2) -> 2 | G29: =_xlfn.MINIFS($A$4:$A$1346,$C$4:$C$1346,C29,$C$4:$C$1346,C29) -> 44200 | H29: =_xlfn.MAXIFS($A$4:$A$1346,$C$4:$C$1346,C29,$C$4:$C$1346,C29) -> 44561
A30: 44237 | B30: 232.46487 | C30: =YEAR(A30) -> 2021 | D30: =MONTH(A30) -> 2 | E30: =_xlfn.ISOWEEKNUM(A30) -> 6 | F30: =WEEKDAY(A30,2) -> 3 | G30: =_xlfn.MINIFS($A$4:$A$1346,$C$4:$C$1346,C30,$C$4:$C$1346,C30) -> 44200 | H30: =_xlfn.MAXIFS($A$4:$A$1346,$C$4:$C$1346,C30,$C$4:$C$1346,C30) -> 44561
A31: 44238 | B31: 234.06361 | C31: =YEAR(A31) -> 2021 | D31: =MONTH(A31) -> 2 | E31: =_xlfn.ISOWEEKNUM(A31) -> 6 | F31: =WEEKDAY(A31,2) -> 4 | G31: =_xlfn.MINIFS($A$4:$A$1346,$C$4:$C$1346,C31,$C$4:$C$1346,C31) -> 44200 | H31: =_xlfn.MAXIFS($A$4:$A$1346,$C$4:$C$1346,C31,$C$4:$C$1346,C31) -> 44561
A32: 44239 | B32: 234.5423 | C32: =YEAR(A32) -> 2021 | D32: =MONTH(A32) -> 2 | E32: =_xlfn.ISOWEEKNUM(A32) -> 6 | F32: =WEEKDAY(A32,2) -> 5 | G32: =_xlfn.MINIFS($A$4:$A$1346,$C$4:$C$1346,C32,$C$4:$C$1346,C32) -> 44200 | H32: =_xlfn.MAXIFS($A$4:$A$1346,$C$4:$C$1346,C32,$C$4:$C$1346,C32) -> 44561
A33: 44243 | B33: 233.30728 | C33: =YEAR(A33) -> 2021 | D33: =MONTH(A33) -> 2 | E33: =_xlfn.ISOWEEKNUM(A33) -> 7 | F33: =WEEKDAY(A33,2) -> 2 | G33: =_xlfn.MINIFS($A$4:$A$1346,$C$4:$C$1346,C33,$C$4:$C$1346,C33) -> 44200 | H33: =_xlfn.MAXIFS($A$4:$A$1346,$C$4:$C$1346,C33,$C$4:$C$1346,C33) -> 44561
A34: 44244 | B34: 234.32445 | C34: =YEAR(A34) -> 2021 | D34: =MONTH(A34) -> 2 | E34: =_xlfn.ISOWEEKNUM(A34) -> 7 | F34: =WEEKDAY(A34,2) -> 3 | G34: =_xlfn.MINIFS($A$4:$A$1346,$C$4:$C$1346,C34,$C$4:$C$1346,C34) -> 44200 | H34: =_xlfn.MAXIFS($A$4:$A$1346,$C$4:$C$1346,C34,$C$4:$C$1346,C34) -> 44561
A35: 44245 | B35: 233.93102 | C35: =YEAR(A35) -> 2021 | D35: =MONTH(A35) -> 2 | E35: =_xlfn.ISOWEEKNUM(A35) -> 7 | F35: =WEEKDAY(A35,2) -> 4 | G35: =_xlfn.MINIFS($A$4:$A$1346,$C$4:$C$1346,C35,$C$4:$C$1346,C35) -> 44200 | H35: =_xlfn.MAXIFS($A$4:$A$1346,$C$4:$C$1346,C35,$C$4:$C$1346,C35) -> 44561
A36: 44246 | B36: 231.22508 | C36: =YEAR(A36) -> 2021 | D36: =MONTH(A36) -> 2 | E36: =_xlfn.ISOWEEKNUM(A36) -> 7 | F36: =WEEKDAY(A36,2) -> 5 | G36: =_xlfn.MINIFS($A$4:$A$1346,$C$4:$C$1346,C36,$C$4:$C$1346,C36) -> 44200 | H36: =_xlfn.MAXIFS($A$4:$A$1346,$C$4:$C$1346,C36,$C$4:$C$1346,C36) -> 44561
A37: 44249 | B37: 225.02629 | C37: =YEAR(A37) -> 2021 | D37: =MONTH(A37) -> 2 | E37: =_xlfn.ISOWEEKNUM(A37) -> 8 | F37: =WEEKDAY(A37,2) -> 1 | G37: =_xlfn.MINIFS($A$4:$A$1346,$C$4:$C$1346,C37,$C$4:$C$1346,C37) -> 44200 | H37: =_xlfn.MAXIFS($A$4:$A$1346,$C$4:$C$1346,C37,$C$4:$C$1346,C37) -> 44561
A38: 44250 | B38: 223.83646 | C38: =YEAR(A38) -> 2021 | D38: =MONTH(A38) -> 2 | E38: =_xlfn.ISOWEEKNUM(A38) -> 8 | F38: =WEEKDAY(A38,2) -> 2 | G38: =_xlfn.MINIFS($A$4:$A$1346,$C$4:$C$1346,C38,$C$4:$C$1346,C38) -> 44200 | H38: =_xlfn.MAXIFS($A$4:$A$1346,$C$4:$C$1346,C38,$C$4:$C$1346,C38) -> 44561
A39: 44251 | B39: 225.06471 | C39: =YEAR(A39) -> 2021 | D39: =MONTH(A39) -> 2 | E39: =_xlfn.ISOWEEKNUM(A39) -> 8 | F39: =WEEKDAY(A39,2) -> 3 | G39: =_xlfn.MINIFS($A$4:$A$1346,$C$4:$C$1346,C39,$C$4:$C$1346,C39) -> 44200 | H39: =_xlfn.MAXIFS($A$4:$A$1346,$C$4:$C$1346,C39,$C$4:$C$1346,C39) -> 44561
... A1346: 46150 | B1346: 415.12 | C1346: =YEAR(A1346) -> 2026 | D1346: =MONTH(A1346) -> 5 | E1346: =_xlfn.ISOWEEKNUM(A1346) -> 19 | F1346: =WEEKDAY(A1346,2) -> 5 | G1346: =_xlfn.MINIFS($A$4:$A$1346,$C$4:$C$1346,C1346,$C$4:$C$1346,C1346) -> 46024 | H1346: =_xlfn.MAXIFS($A$4:$A$1346,$C$4:$C$1346,C1346,$C$4:$C$1346,C1346) -> 46150

Sheet Rend. GG SP500
A1: RENDIMENTI GIORNALIERI DI S&P 500
A3: Date | B3: Close | C3: Rendimenti giornalieri S&P500
A4: 44200 | B4: 3700.6499 | C4: 0 | F4: Statistiche rendimennti gg S&P500
A5: 44201 | B5: 3726.8601 | C5: =(B5-B4)/B4 -> 0.0070825952
A6: 44202 | B6: 3748.1399 | C6: =(B6-B5)/B5 -> 0.0057098427 | F6: Media | G6: 0.00057217816
A7: 44203 | B7: 3803.79 | C7: =(B7-B6)/B6 -> 0.014847404 | F7: Errore standard | G7: 0.00028857703
A8: 44204 | B8: 3824.6799 | C8: =(B8-B7)/B7 -> 0.0054918627 | F8: Mediana | G8: 0.0008197029
A9: 44207 | B9: 3799.6101 | C9: =(B9-B8)/B8 -> -0.0065547509 | F9: Moda | G9: #N/A
A10: 44208 | B10: 3801.1899 | C10: =(B10-B9)/B9 -> 0.00041578845 | F10: Deviazione standard | G10: 0.010571534
A11: 44209 | B11: 3809.8401 | C11: =(B11-B10)/B10 -> 0.0022756417 | F11: Varianza campionaria | G11: 0.00011175734
A12: 44210 | B12: 3795.54 | C12: =(B12-B11)/B11 -> -0.0037534512 | F12: Curtosi | G12: 6.9456446
A13: 44211 | B13: 3768.25 | C13: =(B13-B12)/B12 -> -0.007190028 | F13: Asimmetria | G13: 0.13554978
A14: 44215 | B14: 3798.9099 | C14: =(B14-B13)/B13 -> 0.0081363795 | F14: Intervallo | G14: 0.15490348
A15: 44216 | B15: 3851.8501 | C15: =(B15-B14)/B14 -> 0.013935625 | F15: Minimo | G15: -0.059749605
A16: 44217 | B16: 3853.0701 | C16: =(B16-B15)/B15 -> 0.00031672331 | F16: Massimo | G16: 0.095153876
A17: 44218 | B17: 3841.47 | C17: =(B17-B16)/B16 -> -0.0030106117 | F17: Somma | G17: 0.76786309
A18: 44221 | B18: 3855.3601 | C18: =(B18-B17)/B17 -> 0.0036158389 | F18: Conteggio | G18: 1342
A19: 44222 | B19: 3849.6201 | C19: =(B19-B18)/B18 -> -0.0014888337 | F19: Livello di confidenza(95,0%) | G19: 0.00056611155
A20: 44223 | B20: 3750.77 | C20: =(B20-B19)/B19 -> -0.025677884
A21: 44224 | B21: 3787.3799 | C21: =(B21-B20)/B20 -> 0.009760626
A22: 44225 | B22: 3714.24 | C22: =(B22-B21)/B21 -> -0.019311475
A23: 44228 | B23: 3773.8601 | C23: =(B23-B22)/B22 -> 0.016051768
A24: 44229 | B24: 3826.3101 | C24: =(B24-B23)/B23 -> 0.013898223
A25: 44230 | B25: 3830.1699 | C25: =(B25-B24)/B24 -> 0.0010087691
A26: 44231 | B26: 3871.74 | C26: =(B26-B25)/B25 -> 0.010853322
A27: 44232 | B27: 3886.8301 | C27: =(B27-B26)/B26 -> 0.0038974952
A28: 44235 | B28: 3915.5901 | C28: =(B28-B27)/B27 -> 0.0073993484
A29: 44236 | B29: 3911.23 | C29: =(B29-B28)/B28 -> -0.001113525
A30: 44237 | B30: 3909.8799 | C30: =(B30-B29)/B29 -> -0.00034518493
A31: 44238 | B31: 3916.3799 | C31: =(B31-B30)/B30 -> 0.0016624552
... A1346: 46150 | B1346: 7398.9302 | C1346: =(B1346-B1345)/B1345 -> 0.0084257035

Sheet Rend. Settimanali SP500
A1: RENDIMENTI SETTIMANALI DI S&P 500
A3: Date | B3: Close | C3: Anno | D3: Mese | E3: Settimana ISO | F3: Giorno | G3: Data inizio settimana | H3: Data fine settimana | J3: Data inizio settimana | K3: Data fine settimana | L3: Prezzo chiusura inizio settimana | M3: Prezzo chiusura fine settimana | N3: Rendimenti settimanali SP500
A4: 44200 | B4: 3700.6499 | C4: =YEAR(A4) -> 2021 | D4: =MONTH(A4) -> 1 | E4: =_xlfn.ISOWEEKNUM(A4) -> 1 | F4: =WEEKDAY(A4,2) -> 1 | G4: =_xlfn.MINIFS($A$4:$A$1346,$C$4:$C$1346,C4,$E$4:$E$1346,E4) -> 44200 | H4: =_xlfn.MAXIFS($A$4:$A$1346,$C$4:$C$1346,C4,$E$4:$E$1346,E4) -> 44204 | J4: {=_xlfn.UNIQUE(G4:G1346)} -> 44200 | K4: {=_xlfn.UNIQUE(H4:H1346)} -> 44204 | L4: =INDEX($B$4:$B$1346,MATCH(J4,$A$4:$A$1346)) -> 3700.6499 | M4: =INDEX($B$4:$B$1346,MATCH(K4,$A$4:$A$1346)) -> 3824.6799 | N4: 0 | Q4: Statistiche rendimenti mensili S&P500
A5: 44201 | B5: 3726.8601 | C5: =YEAR(A5) -> 2021 | D5: =MONTH(A5) -> 1 | E5: =_xlfn.ISOWEEKNUM(A5) -> 1 | F5: =WEEKDAY(A5,2) -> 2 | G5: =_xlfn.MINIFS($A$4:$A$1346,$C$4:$C$1346,C5,$E$4:$E$1346,E5) -> 44200 | H5: =_xlfn.MAXIFS($A$4:$A$1346,$C$4:$C$1346,C5,$E$4:$E$1346,E5) -> 44204 | J5: 44207 | K5: 44211 | L5: =INDEX($B$4:$B$1346,MATCH(J5,$A$4:$A$1346)) -> 3799.6101 | M5: =INDEX($B$4:$B$1346,MATCH(K5,$A$4:$A$1346)) -> 3768.25 | N5: =(M5-M4)/M4 -> -0.014754158
A6: 44202 | B6: 3748.1399 | C6: =YEAR(A6) -> 2021 | D6: =MONTH(A6) -> 1 | E6: =_xlfn.ISOWEEKNUM(A6) -> 1 | F6: =WEEKDAY(A6,2) -> 3 | G6: =_xlfn.MINIFS($A$4:$A$1346,$C$4:$C$1346,C6,$E$4:$E$1346,E6) -> 44200 | H6: =_xlfn.MAXIFS($A$4:$A$1346,$C$4:$C$1346,C6,$E$4:$E$1346,E6) -> 44204 | J6: 44215 | K6: 44218 | L6: =INDEX($B$4:$B$1346,MATCH(J6,$A$4:$A$1346)) -> 3798.9099 | M6: =INDEX($B$4:$B$1346,MATCH(K6,$A$4:$A$1346)) -> 3841.47 | N6: =(M6-M5)/M5 -> 0.019430762 | Q6: Media | R6: 0.0028584647
A7: 44203 | B7: 3803.79 | C7: =YEAR(A7) -> 2021 | D7: =MONTH(A7) -> 1 | E7: =_xlfn.ISOWEEKNUM(A7) -> 1 | F7: =WEEKDAY(A7,2) -> 4 | G7: =_xlfn.MINIFS($A$4:$A$1346,$C$4:$C$1346,C7,$E$4:$E$1346,E7) -> 44200 | H7: =_xlfn.MAXIFS($A$4:$A$1346,$C$4:$C$1346,C7,$E$4:$E$1346,E7) -> 44204 | J7: 44221 | K7: 44225 | L7: =INDEX($B$4:$B$1346,MATCH(J7,$A$4:$A$1346)) -> 3855.3601 | M7: =INDEX($B$4:$B$1346,MATCH(K7,$A$4:$A$1346)) -> 3714.24 | N7: =(M7-M6)/M6 -> -0.033120129 | Q7: Errore standard | R7: 0.0018698366
A8: 44204 | B8: 3824.6799 | C8: =YEAR(A8) -> 2021 | D8: =MONTH(A8) -> 1 | E8: =_xlfn.ISOWEEKNUM(A8) -> 1 | F8: =WEEKDAY(A8,2) -> 5 | G8: =_xlfn.MINIFS($A$4:$A$1346,$C$4:$C$1346,C8,$E$4:$E$1346,E8) -> 44200 | H8: =_xlfn.MAXIFS($A$4:$A$1346,$C$4:$C$1346,C8,$E$4:$E$1346,E8) -> 44204 | J8: 44228 | K8: 44232 | L8: =INDEX($B$4:$B$1346,MATCH(J8,$A$4:$A$1346)) -> 3773.8601 | M8: =INDEX($B$4:$B$1346,MATCH(K8,$A$4:$A$1346)) -> 3886.8301 | N8: =(M8-M7)/M7 -> 0.046467134 | Q8: Mediana | R8: 0.0038520569
A9: 44207 | B9: 3799.6101 | C9: =YEAR(A9) -> 2021 | D9: =MONTH(A9) -> 1 | E9: =_xlfn.ISOWEEKNUM(A9) -> 2 | F9: =WEEKDAY(A9,2) -> 1 | G9: =_xlfn.MINIFS($A$4:$A$1346,$C$4:$C$1346,C9,$E$4:$E$1346,E9) -> 44207 | H9: =_xlfn.MAXIFS($A$4:$A$1346,$C$4:$C$1346,C9,$E$4:$E$1346,E9) -> 44211 | J9: 44235 | K9: 44239 | L9: =INDEX($B$4:$B$1346,MATCH(J9,$A$4:$A$1346)) -> 3915.5901 | M9: =INDEX($B$4:$B$1346,MATCH(K9,$A$4:$A$1346)) -> 3934.8301 | N9: =(M9-M8)/M8 -> 0.012349395 | Q9: Moda | R9: #N/A
A10: 44208 | B10: 3801.1899 | C10: =YEAR(A10) -> 2021 | D10: =MONTH(A10) -> 1 | E10: =_xlfn.ISOWEEKNUM(A10) -> 2 | F10: =WEEKDAY(A10,2) -> 2 | G10: =_xlfn.MINIFS($A$4:$A$1346,$C$4:$C$1346,C10,$E$4:$E$1346,E10) -> 44207 | H10: =_xlfn.MAXIFS($A$4:$A$1346,$C$4:$C$1346,C10,$E$4:$E$1346,E10) -> 44211 | J10: 44243 | K10: 44246 | L10: =INDEX($B$4:$B$1346,MATCH(J10,$A$4:$A$1346)) -> 3932.5901 | M10: =INDEX($B$4:$B$1346,MATCH(K10,$A$4:$A$1346)) -> 3906.71 | N10: =(M10-M9)/M9 -> -0.0071464629 | Q10: Deviazione standard | R10: 0.031176406
A11: 44209 | B11: 3809.8401 | C11: =YEAR(A11) -> 2021 | D11: =MONTH(A11) -> 1 | E11: =_xlfn.ISOWEEKNUM(A11) -> 2 | F11: =WEEKDAY(A11,2) -> 3 | G11: =_xlfn.MINIFS($A$4:$A$1346,$C$4:$C$1346,C11,$E$4:$E$1346,E11) -> 44207 | H11: =_xlfn.MAXIFS($A$4:$A$1346,$C$4:$C$1346,C11,$E$4:$E$1346,E11) -> 44211 | J11: 44249 | K11: 44253 | L11: =INDEX($B$4:$B$1346,MATCH(J11,$A$4:$A$1346)) -> 3876.5 | M11: =INDEX($B$4:$B$1346,MATCH(K11,$A$4:$A$1346)) -> 3811.1499 | N11: =(M11-M10)/M10 -> -0.024460495 | Q11: Varianza campionaria | R11: 0.00097196827
A12: 44210 | B12: 3795.54 | C12: =YEAR(A12) -> 2021 | D12: =MONTH(A12) -> 1 | E12: =_xlfn.ISOWEEKNUM(A12) -> 2 | F12: =WEEKDAY(A12,2) -> 4 | G12: =_xlfn.MINIFS($A$4:$A$1346,$C$4:$C$1346,C12,$E$4:$E$1346,E12) -> 44207 | H12: =_xlfn.MAXIFS($A$4:$A$1346,$C$4:$C$1346,C12,$E$4:$E$1346,E12) -> 44211 | J12: 44256 | K12: 44260 | L12: =INDEX($B$4:$B$1346,MATCH(J12,$A$4:$A$1346)) -> 3901.8201 | M12: =INDEX($B$4:$B$1346,MATCH(K12,$A$4:$A$1346)) -> 3841.9399 | N12: =(M12-M11)/M11 -> 0.0080789368 | Q12: Curtosi | R12: 17.813423
A13: 44211 | B13: 3768.25 | C13: =YEAR(A13) -> 2021 | D13: =MONTH(A13) -> 1 | E13: =_xlfn.ISOWEEKNUM(A13) -> 2 | F13: =WEEKDAY(A13,2) -> 5 | G13: =_xlfn.MINIFS($A$4:$A$1346,$C$4:$C$1346,C13,$E$4:$E$1346,E13) -> 44207 | H13: =_xlfn.MAXIFS($A$4:$A$1346,$C$4:$C$1346,C13,$E$4:$E$1346,E13) -> 44211 | J13: 44263 | K13: 44267 | L13: =INDEX($B$4:$B$1346,MATCH(J13,$A$4:$A$1346)) -> 3821.3501 | M13: =INDEX($B$4:$B$1346,MATCH(K13,$A$4:$A$1346)) -> 3943.3401 | N13: =(M13-M12)/M12 -> 0.026392955 | Q13: Asimmetria | R13: 0.53390674
A14: 44215 | B14: 3798.9099 | C14: =YEAR(A14) -> 2021 | D14: =MONTH(A14) -> 1 | E14: =_xlfn.ISOWEEKNUM(A14) -> 3 | F14: =WEEKDAY(A14,2) -> 2 | G14: =_xlfn.MINIFS($A$4:$A$1346,$C$4:$C$1346,C14,$E$4:$E$1346,E14) -> 44215 | H14: =_xlfn.MAXIFS($A$4:$A$1346,$C$4:$C$1346,C14,$E$4:$E$1346,E14) -> 44218 | J14: 44270 | K14: 44274 | L14: =INDEX($B$4:$B$1346,MATCH(J14,$A$4:$A$1346)) -> 3968.9399 | M14: =INDEX($B$4:$B$1346,MATCH(K14,$A$4:$A$1346)) -> 3913.1001 | N14: =(M14-M13)/M13 -> -0.0076686234 | Q14: Intervallo | R14: 0.41973893
A15: 44216 | B15: 3851.8501 | C15: =YEAR(A15) -> 2021 | D15: =MONTH(A15) -> 1 | E15: =_xlfn.ISOWEEKNUM(A15) -> 3 | F15: =WEEKDAY(A15,2) -> 3 | G15: =_xlfn.MINIFS($A$4:$A$1346,$C$4:$C$1346,C15,$E$4:$E$1346,E15) -> 44215 | H15: =_xlfn.MAXIFS($A$4:$A$1346,$C$4:$C$1346,C15,$E$4:$E$1346,E15) -> 44218 | J15: 44277 | K15: 44281 | L15: =INDEX($B$4:$B$1346,MATCH(J15,$A$4:$A$1346)) -> 3940.5901 | M15: =INDEX($B$4:$B$1346,MATCH(K15,$A$4:$A$1346)) -> 3974.54 | N15: =(M15-M14)/M14 -> 0.015701091 | Q15: Minimo | R15: -0.18664891
A16: 44217 | B16: 3853.0701 | C16: =YEAR(A16) -> 2021 | D16: =MONTH(A16) -> 1 | E16: =_xlfn.ISOWEEKNUM(A16) -> 3 | F16: =WEEKDAY(A16,2) -> 4 | G16: =_xlfn.MINIFS($A$4:$A$1346,$C$4:$C$1346,C16,$E$4:$E$1346,E16) -> 44215 | H16: =_xlfn.MAXIFS($A$4:$A$1346,$C$4:$C$1346,C16,$E$4:$E$1346,E16) -> 44218 | J16: 44284 | K16: 44287 | L16: =INDEX($B$4:$B$1346,MATCH(J16,$A$4:$A$1346)) -> 3971.0901 | M16: =INDEX($B$4:$B$1346,MATCH(K16,$A$4:$A$1346)) -> 4019.8701 | N16: =(M16-M15)/M15 -> 0.011405113 | Q16: Massimo | R16: 0.23309002
A17: 44218 | B17: 3841.47 | C17: =YEAR(A17) -> 2021 | D17: =MONTH(A17) -> 1 | E17: =_xlfn.ISOWEEKNUM(A17) -> 3 | F17: =WEEKDAY(A17,2) -> 5 | G17: =_xlfn.MINIFS($A$4:$A$1346,$C$4:$C$1346,C17,$E$4:$E$1346,E17) -> 44215 | H17: =_xlfn.MAXIFS($A$4:$A$1346,$C$4:$C$1346,C17,$E$4:$E$1346,E17) -> 44218 | J17: 44291 | K17: 44295 | L17: =INDEX($B$4:$B$1346,MATCH(J17,$A$4:$A$1346)) -> 4077.9099 | M17: =INDEX($B$4:$B$1346,MATCH(K17,$A$4:$A$1346)) -> 4128.7998 | N17: =(M17-M16)/M16 -> 0.027097813 | Q17: Somma | R17: 0.7946532
A18: 44221 | B18: 3855.3601 | C18: =YEAR(A18) -> 2021 | D18: =MONTH(A18) -> 1 | E18: =_xlfn.ISOWEEKNUM(A18) -> 4 | F18: =WEEKDAY(A18,2) -> 1 | G18: =_xlfn.MINIFS($A$4:$A$1346,$C$4:$C$1346,C18,$E$4:$E$1346,E18) -> 44221 | H18: =_xlfn.MAXIFS($A$4:$A$1346,$C$4:$C$1346,C18,$E$4:$E$1346,E18) -> 44225 | J18: 44298 | K18: 44302 | L18: =INDEX($B$4:$B$1346,MATCH(J18,$A$4:$A$1346)) -> 4127.9902 | M18: =INDEX($B$4:$B$1346,MATCH(K18,$A$4:$A$1346)) -> 4185.4702 | N18: =(M18-M17)/M17 -> 0.013725638 | Q18: Conteggio | R18: 278
A19: 44222 | B19: 3849.6201 | C19: =YEAR(A19) -> 2021 | D19: =MONTH(A19) -> 1 | E19: =_xlfn.ISOWEEKNUM(A19) -> 4 | F19: =WEEKDAY(A19,2) -> 2 | G19: =_xlfn.MINIFS($A$4:$A$1346,$C$4:$C$1346,C19,$E$4:$E$1346,E19) -> 44221 | H19: =_xlfn.MAXIFS($A$4:$A$1346,$C$4:$C$1346,C19,$E$4:$E$1346,E19) -> 44225 | J19: 44305 | K19: 44309 | L19: =INDEX($B$4:$B$1346,MATCH(J19,$A$4:$A$1346)) -> 4163.2598 | M19: =INDEX($B$4:$B$1346,MATCH(K19,$A$4:$A$1346)) -> 4180.1699 | N19: =(M19-M18)/M18 -> -0.0012663554 | Q19: Livello di confidenza(95,0%) | R19: 0.0036808949
A20: 44223 | B20: 3750.77 | C20: =YEAR(A20) -> 2021 | D20: =MONTH(A20) -> 1 | E20: =_xlfn.ISOWEEKNUM(A20) -> 4 | F20: =WEEKDAY(A20,2) -> 3 | G20: =_xlfn.MINIFS($A$4:$A$1346,$C$4:$C$1346,C20,$E$4:$E$1346,E20) -> 44221 | H20: =_xlfn.MAXIFS($A$4:$A$1346,$C$4:$C$1346,C20,$E$4:$E$1346,E20) -> 44225 | J20: 44312 | K20: 44316 | L20: =INDEX($B$4:$B$1346,MATCH(J20,$A$4:$A$1346)) -> 4187.6201 | M20: =INDEX($B$4:$B$1346,MATCH(K20,$A$4:$A$1346)) -> 4181.1699 | N20: =(M20-M19)/M19 -> 0.00023922472
A21: 44224 | B21: 3787.3799 | C21: =YEAR(A21) -> 2021 | D21: =MONTH(A21) -> 1 | E21: =_xlfn.ISOWEEKNUM(A21) -> 4 | F21: =WEEKDAY(A21,2) -> 4 | G21: =_xlfn.MINIFS($A$4:$A$1346,$C$4:$C$1346,C21,$E$4:$E$1346,E21) -> 44221 | H21: =_xlfn.MAXIFS($A$4:$A$1346,$C$4:$C$1346,C21,$E$4:$E$1346,E21) -> 44225 | J21: 44319 | K21: 44323 | L21: =INDEX($B$4:$B$1346,MATCH(J21,$A$4:$A$1346)) -> 4192.6602 | M21: =INDEX($B$4:$B$1346,MATCH(K21,$A$4:$A$1346)) -> 4232.6001 | N21: =(M21-M20)/M20 -> 0.012300427
A22: 44225 | B22: 3714.24 | C22: =YEAR(A22) -> 2021 | D22: =MONTH(A22) -> 1 | E22: =_xlfn.ISOWEEKNUM(A22) -> 4 | F22: =WEEKDAY(A22,2) -> 5 | G22: =_xlfn.MINIFS($A$4:$A$1346,$C$4:$C$1346,C22,$E$4:$E$1346,E22) -> 44221 | H22: =_xlfn.MAXIFS($A$4:$A$1346,$C$4:$C$1346,C22,$E$4:$E$1346,E22) -> 44225 | J22: 44326 | K22: 44330 | L22: =INDEX($B$4:$B$1346,MATCH(J22,$A$4:$A$1346)) -> 4188.4302 | M22: =INDEX($B$4:$B$1346,MATCH(K22,$A$4:$A$1346)) -> 4173.8501 | N22: =(M22-M21)/M21 -> -0.013880357
A23: 44228 | B23: 3773.8601 | C23: =YEAR(A23) -> 2021 | D23: =MONTH(A23) -> 2 | E23: =_xlfn.ISOWEEKNUM(A23) -> 5 | F23: =WEEKDAY(A23,2) -> 1 | G23: =_xlfn.MINIFS($A$4:$A$1346,$C$4:$C$1346,C23,$E$4:$E$1346,E23) -> 44228 | H23: =_xlfn.MAXIFS($A$4:$A$1346,$C$4:$C$1346,C23,$E$4:$E$1346,E23) -> 44232 | J23: 44333 | K23: 44337 | L23: =INDEX($B$4:$B$1346,MATCH(J23,$A$4:$A$1346)) -> 4163.29 | M23: =INDEX($B$4:$B$1346,MATCH(K23,$A$4:$A$1346)) -> 4155.8599 | N23: =(M23-M22)/M22 -> -0.0043102253
A24: 44229 | B24: 3826.3101 | C24: =YEAR(A24) -> 2021 | D24: =MONTH(A24) -> 2 | E24: =_xlfn.ISOWEEKNUM(A24) -> 5 | F24: =WEEKDAY(A24,2) -> 2 | G24: =_xlfn.MINIFS($A$4:$A$1346,$C$4:$C$1346,C24,$E$4:$E$1346,E24) -> 44228 | H24: =_xlfn.MAXIFS($A$4:$A$1346,$C$4:$C$1346,C24,$E$4:$E$1346,E24) -> 44232 | J24: 44340 | K24: 44344 | L24: =INDEX($B$4:$B$1346,MATCH(J24,$A$4:$A$1346)) -> 4197.0498 | M24: =INDEX($B$4:$B$1346,MATCH(K24,$A$4:$A$1346)) -> 4204.1099 | N24: =(M24-M23)/M23 -> 0.011610112
A25: 44230 | B25: 3830.1699 | C25: =YEAR(A25) -> 2021 | D25: =MONTH(A25) -> 2 | E25: =_xlfn.ISOWEEKNUM(A25) -> 5 | F25: =WEEKDAY(A25,2) -> 3 | G25: =_xlfn.MINIFS($A$4:$A$1346,$C$4:$C$1346,C25,$E$4:$E$1346,E25) -> 44228 | H25: =_xlfn.MAXIFS($A$4:$A$1346,$C$4:$C$1346,C25,$E$4:$E$1346,E25) -> 44232 | J25: 44348 | K25: 44351 | L25: =INDEX($B$4:$B$1346,MATCH(J25,$A$4:$A$1346)) -> 4202.04 | M25: =INDEX($B$4:$B$1346,MATCH(K25,$A$4:$A$1346)) -> 4229.8901 | N25: =(M25-M24)/M24 -> 0.0061321598
A26: 44231 | B26: 3871.74 | C26: =YEAR(A26) -> 2021 | D26: =MONTH(A26) -> 2 | E26: =_xlfn.ISOWEEKNUM(A26) -> 5 | F26: =WEEKDAY(A26,2) -> 4 | G26: =_xlfn.MINIFS($A$4:$A$1346,$C$4:$C$1346,C26,$E$4:$E$1346,E26) -> 44228 | H26: =_xlfn.MAXIFS($A$4:$A$1346,$C$4:$C$1346,C26,$E$4:$E$1346,E26) -> 44232 | J26: 44354 | K26: 44358 | L26: =INDEX($B$4:$B$1346,MATCH(J26,$A$4:$A$1346)) -> 4226.52 | M26: =INDEX($B$4:$B$1346,MATCH(K26,$A$4:$A$1346)) -> 4247.4399 | N26: =(M26-M25)/M25 -> 0.0041489978
A27: 44232 | B27: 3886.8301 | C27: =YEAR(A27) -> 2021 | D27: =MONTH(A27) -> 2 | E27: =_xlfn.ISOWEEKNUM(A27) -> 5 | F27: =WEEKDAY(A27,2) -> 5 | G27: =_xlfn.MINIFS($A$4:$A$1346,$C$4:$C$1346,C27,$E$4:$E$1346,E27) -> 44228 | H27: =_xlfn.MAXIFS($A$4:$A$1346,$C$4:$C$1346,C27,$E$4:$E$1346,E27) -> 44232 | J27: 44361 | K27: 44365 | L27: =INDEX($B$4:$B$1346,MATCH(J27,$A$4:$A$1346)) -> 4255.1499 | M27: =INDEX($B$4:$B$1346,MATCH(K27,$A$4:$A$1346)) -> 4166.4502 | N27: =(M27-M26)/M26 -> -0.019067897
A28: 44235 | B28: 3915.5901 | C28: =YEAR(A28) -> 2021 | D28: =MONTH(A28) -> 2 | E28: =_xlfn.ISOWEEKNUM(A28) -> 6 | F28: =WEEKDAY(A28,2) -> 1 | G28: =_xlfn.MINIFS($A$4:$A$1346,$C$4:$C$1346,C28,$E$4:$E$1346,E28) -> 44235 | H28: =_xlfn.MAXIFS($A$4:$A$1346,$C$4:$C$1346,C28,$E$4:$E$1346,E28) -> 44239 | J28: 44368 | K28: 44372 | L28: =INDEX($B$4:$B$1346,MATCH(J28,$A$4:$A$1346)) -> 4224.79 | M28: =INDEX($B$4:$B$1346,MATCH(K28,$A$4:$A$1346)) -> 4280.7002 | N28: =(M28-M27)/M27 -> 0.027421425
A29: 44236 | B29: 3911.23 | C29: =YEAR(A29) -> 2021 | D29: =MONTH(A29) -> 2 | E29: =_xlfn.ISOWEEKNUM(A29) -> 6 | F29: =WEEKDAY(A29,2) -> 2 | G29: =_xlfn.MINIFS($A$4:$A$1346,$C$4:$C$1346,C29,$E$4:$E$1346,E29) -> 44235 | H29: =_xlfn.MAXIFS($A$4:$A$1346,$C$4:$C$1346,C29,$E$4:$E$1346,E29) -> 44239 | J29: 44375 | K29: 44379 | L29: =INDEX($B$4:$B$1346,MATCH(J29,$A$4:$A$1346)) -> 4290.6099 | M29: =INDEX($B$4:$B$1346,MATCH(K29,$A$4:$A$1346)) -> 4352.3398 | N29: =(M29-M28)/M28 -> 0.016735498
A30: 44237 | B30: 3909.8799 | C30: =YEAR(A30) -> 2021 | D30: =MONTH(A30) -> 2 | E30: =_xlfn.ISOWEEKNUM(A30) -> 6 | F30: =WEEKDAY(A30,2) -> 3 | G30: =_xlfn.MINIFS($A$4:$A$1346,$C$4:$C$1346,C30,$E$4:$E$1346,E30) -> 44235 | H30: =_xlfn.MAXIFS($A$4:$A$1346,$C$4:$C$1346,C30,$E$4:$E$1346,E30) -> 44239 | J30: 44383 | K30: 44386 | L30: =INDEX($B$4:$B$1346,MATCH(J30,$A$4:$A$1346)) -> 4343.54 | M30: =INDEX($B$4:$B$1346,MATCH(K30,$A$4:$A$1346)) -> 4369.5498 | N30: =(M30-M29)/M29 -> 0.0039541859
A31: 44238 | B31: 3916.3799 | C31: =YEAR(A31) -> 2021 | D31: =MONTH(A31) -> 2 | E31: =_xlfn.ISOWEEKNUM(A31) -> 6 | F31: =WEEKDAY(A31,2) -> 4 | G31: =_xlfn.MINIFS($A$4:$A$1346,$C$4:$C$1346,C31,$E$4:$E$1346,E31) -> 44235 | H31: =_xlfn.MAXIFS($A$4:$A$1346,$C$4:$C$1346,C31,$E$4:$E$1346,E31) -> 44239 | J31: 44389 | K31: 44393 | L31: =INDEX($B$4:$B$1346,MATCH(J31,$A$4:$A$1346)) -> 4384.6299 | M31: =INDEX($B$4:$B$1346,MATCH(K31,$A$4:$A$1346)) -> 4327.1602 | N31: =(M31-M30)/M30 -> -0.0097011478
... A282: 44601 | B282: 4587.1802 | C282: =YEAR(A282) -> 2022 | D282: =MONTH(A282) -> 2 | E282: =_xlfn.ISOWEEKNUM(A282) -> 6 | F282: =WEEKDAY(A282,2) -> 3 | G282: =_xlfn.MINIFS($A$4:$A$1346,$C$4:$C$1346,C282,$E$4:$E$1346,E282) -> 44599 | H282: =_xlfn.MAXIFS($A$4:$A$1346,$C$4:$C$1346,C282,$E$4:$E$1346,E282) -> 44603 | J282: 46146 | K282: 46150 | L282: =INDEX($B$4:$B$1346,MATCH(J282,$A$4:$A$1346)) -> 7200.75 | M282: =INDEX($B$4:$B$1346,MATCH(K282,$A$4:$A$1346)) -> 7398.9302 | N282: =(M282-M281)/M281 -> 0.023348168
A283: 44602 | B283: 4504.0801 | C283: =YEAR(A283) -> 2022 | D283: =MONTH(A283) -> 2 | E283: =_xlfn.ISOWEEKNUM(A283) -> 6 | F283: =WEEKDAY(A283,2) -> 4 | G283: =_xlfn.MINIFS($A$4:$A$1346,$C$4:$C$1346,C283,$E$4:$E$1346,E283) -> 44599 | H283: =_xlfn.MAXIFS($A$4:$A$1346,$C$4:$C$1346,C283,$E$4:$E$1346,E283) -> 44603
A284: 44603 | B284: 4418.6401 | C284: =YEAR(A284) -> 2022 | D284: =MONTH(A284) -> 2 | E284: =_xlfn.ISOWEEKNUM(A284) -> 6 | F284: =WEEKDAY(A284,2) -> 5 | G284: =_xlfn.MINIFS($A$4:$A$1346,$C$4:$C$1346,C284,$E$4:$E$1346,E284) -> 44599 | H284: =_xlfn.MAXIFS($A$4:$A$1346,$C$4:$C$1346,C284,$E$4:$E$1346,E284) -> 44603
A285: 44606 | B285: 4401.6699 | C285: =YEAR(A285) -> 2022 | D285: =MONTH(A285) -> 2 | E285: =_xlfn.ISOWEEKNUM(A285) -> 7 | F285: =WEEKDAY(A285,2) -> 1 | G285: =_xlfn.MINIFS($A$4:$A$1346,$C$4:$C$1346,C285,$E$4:$E$1346,E285) -> 44606 | H285: =_xlfn.MAXIFS($A$4:$A$1346,$C$4:$C$1346,C285,$E$4:$E$1346,E285) -> 44610
A286: 44607 | B286: 4471.0698 | C286: =YEAR(A286) -> 2022 | D286: =MONTH(A286) -> 2 | E286: =_xlfn.ISOWEEKNUM(A286) -> 7 | F286: =WEEKDAY(A286,2) -> 2 | G286: =_xlfn.MINIFS($A$4:$A$1346,$C$4:$C$1346,C286,$E$4:$E$1346,E286) -> 44606 | H286: =_xlfn.MAXIFS($A$4:$A$1346,$C$4:$C$1346,C286,$E$4:$E$1346,E286) -> 44610
A287: 44608 | B287: 4475.0098 | C287: =YEAR(A287) -> 2022 | D287: =MONTH(A287) -> 2 | E287: =_xlfn.ISOWEEKNUM(A287) -> 7 | F287: =WEEKDAY(A287,2) -> 3 | G287: =_xlfn.MINIFS($A$4:$A$1346,$C$4:$C$1346,C287,$E$4:$E$1346,E287) -> 44606 | H287: =_xlfn.MAXIFS($A$4:$A$1346,$C$4:$C$1346,C287,$E$4:$E$1346,E287) -> 44610
A288: 44609 | B288: 4380.2598 | C288: =YEAR(A288) -> 2022 | D288: =MONTH(A288) -> 2 | E288: =_xlfn.ISOWEEKNUM(A288) -> 7 | F288: =WEEKDAY(A288,2) -> 4 | G288: =_xlfn.MINIFS($A$4:$A$1346,$C$4:$C$1346,C288,$E$4:$E$1346,E288) -> 44606 | H288: =_xlfn.MAXIFS($A$4:$A$1346,$C$4:$C$1346,C288,$E$4:$E$1346,E288) -> 44610
A289: 44610 | B289: 4348.8701 | C289: =YEAR(A289) -> 2022 | D289: =MONTH(A289) -> 2 | E289: =_xlfn.ISOWEEKNUM(A289) -> 7 | F289: =WEEKDAY(A289,2) -> 5 | G289: =_xlfn.MINIFS($A$4:$A$1346,$C$4:$C$1346,C289,$E$4:$E$1346,E289) -> 44606 | H289: =_xlfn.MAXIFS($A$4:$A$1346,$C$4:$C$1346,C289,$E$4:$E$1346,E289) -> 44610
A290: 44614 | B290: 4304.7598 | C290: =YEAR(A290) -> 2022 | D290: =MONTH(A290) -> 2 | E290: =_xlfn.ISOWEEKNUM(A290) -> 8 | F290: =WEEKDAY(A290,2) -> 2 | G290: =_xlfn.MINIFS($A$4:$A$1346,$C$4:$C$1346,C290,$E$4:$E$1346,E290) -> 44614 | H290: =_xlfn.MAXIFS($A$4:$A$1346,$C$4:$C$1346,C290,$E$4:$E$1346,E290) -> 44617
A291: 44615 | B291: 4225.5 | C291: =YEAR(A291) -> 2022 | D291: =MONTH(A291) -> 2 | E291: =_xlfn.ISOWEEKNUM(A291) -> 8 | F291: =WEEKDAY(A291,2) -> 3 | G291: =_xlfn.MINIFS($A$4:$A$1346,$C$4:$C$1346,C291,$E$4:$E$1346,E291) -> 44614 | H291: =_xlfn.MAXIFS($A$4:$A$1346,$C$4:$C$1346,C291,$E$4:$E$1346,E291) -> 44617
A292: 44616 | B292: 4288.7002 | C292: =YEAR(A292) -> 2022 | D292: =MONTH(A292) -> 2 | E292: =_xlfn.ISOWEEKNUM(A292) -> 8 | F292: =WEEKDAY(A292,2) -> 4 | G292: =_xlfn.MINIFS($A$4:$A$1346,$C$4:$C$1346,C292,$E$4:$E$1346,E292) -> 44614 | H292: =_xlfn.MAXIFS($A$4:$A$1346,$C$4:$C$1346,C292,$E$4:$E$1346,E292) -> 44617
A293: 44617 | B293: 4384.6499 | C293: =YEAR(A293) -> 2022 | D293: =MONTH(A293) -> 2 | E293: =_xlfn.ISOWEEKNUM(A293) -> 8 | F293: =WEEKDAY(A293,2) -> 5 | G293: =_xlfn.MINIFS($A$4:$A$1346,$C$4:$C$1346,C293,$E$4:$E$1346,E293) -> 44614 | H293: =_xlfn.MAXIFS($A$4:$A$1346,$C$4:$C$1346,C293,$E$4:$E$1346,E293) -> 44617
A294: 44620 | B294: 4373.9399 | C294: =YEAR(A294) -> 2022 | D294: =MONTH(A294) -> 2 | E294: =_xlfn.ISOWEEKNUM(A294) -> 9 | F294: =WEEKDAY(A294,2) -> 1 | G294: =_xlfn.MINIFS($A$4:$A$1346,$C$4:$C$1346,C294,$E$4:$E$1346,E294) -> 44620 | H294: =_xlfn.MAXIFS($A$4:$A$1346,$C$4:$C$1346,C294,$E$4:$E$1346,E294) -> 44624
... A1346: 46150 | B1346: 7398.9302 | C1346: =YEAR(A1346) -> 2026 | D1346: =MONTH(A1346) -> 5 | E1346: =_xlfn.ISOWEEKNUM(A1346) -> 19 | F1346: =WEEKDAY(A1346,2) -> 5 | G1346: =_xlfn.MINIFS($A$4:$A$1346,$C$4:$C$1346,C1346,$E$4:$E$1346,E1346) -> 46146 | H1346: =_xlfn.MAXIFS($A$4:$A$1346,$C$4:$C$1346,C1346,$E$4:$E$1346,E1346) -> 46150

Sheet Rend. Mensili SP500
A1: RENDIMENTI MENSILI DI S&P 500
A3: Date | B3: Close | C3: Anno | D3: Mese | E3: Settimana ISO | F3: Giorno | G3: Data inizio mese | H3: Data fine mese | J3: Data inizio mese | K3: Data fine mese | L3: Prezzo chiusura inizio mese | M3: Prezzo chiusura fine mese | N3: Rendimenti mensili S&P500 | Q3: Statistiche rendimenti mensili S&P500
A4: 44200 | B4: 3700.6499 | C4: =YEAR(A4) -> 2021 | D4: =MONTH(A4) -> 1 | E4: =_xlfn.ISOWEEKNUM(A4) -> 1 | F4: =WEEKDAY(A4,2) -> 1 | G4: =_xlfn.MINIFS($A$4:$A$1346,$C$4:$C$1346,C4,$D$4:$D$1346,D4) -> 44200 | H4: =_xlfn.MAXIFS($A$4:$A$1346,$C$4:$C$1346,C4,$D$4:$D$1346,D4) -> 44225 | J4: {=_xlfn.UNIQUE(G4:G1346)} -> 44200 | K4: {=_xlfn.UNIQUE(H4:H1346)} -> 44225 | L4: =INDEX($B$4:$B$1346,MATCH(J4,$A$4:$A$1346)) -> 3700.6499 | M4: =INDEX($B$4:$B$1346,MATCH(K4,$A$4:$A$1346)) -> 3714.24 | N4: 0
A5: 44201 | B5: 3726.8601 | C5: =YEAR(A5) -> 2021 | D5: =MONTH(A5) -> 1 | E5: =_xlfn.ISOWEEKNUM(A5) -> 1 | F5: =WEEKDAY(A5,2) -> 2 | G5: =_xlfn.MINIFS($A$4:$A$1346,$C$4:$C$1346,C5,$D$4:$D$1346,D5) -> 44200 | H5: =_xlfn.MAXIFS($A$4:$A$1346,$C$4:$C$1346,C5,$D$4:$D$1346,D5) -> 44225 | J5: 44228 | K5: 44253 | L5: =INDEX($B$4:$B$1346,MATCH(J5,$A$4:$A$1346)) -> 3773.8601 | M5: =INDEX($B$4:$B$1346,MATCH(K5,$A$4:$A$1346)) -> 3811.1499 | N5: =(M5-M4)/M4 -> 0.026091451 | Q5: Media | R5: 0.011800418
A6: 44202 | B6: 3748.1399 | C6: =YEAR(A6) -> 2021 | D6: =MONTH(A6) -> 1 | E6: =_xlfn.ISOWEEKNUM(A6) -> 1 | F6: =WEEKDAY(A6,2) -> 3 | G6: =_xlfn.MINIFS($A$4:$A$1346,$C$4:$C$1346,C6,$D$4:$D$1346,D6) -> 44200 | H6: =_xlfn.MAXIFS($A$4:$A$1346,$C$4:$C$1346,C6,$D$4:$D$1346,D6) -> 44225 | J6: 44256 | K6: 44286 | L6: =INDEX($B$4:$B$1346,MATCH(J6,$A$4:$A$1346)) -> 3901.8201 | M6: =INDEX($B$4:$B$1346,MATCH(K6,$A$4:$A$1346)) -> 3972.8899 | N6: =(M6-M5)/M5 -> 0.042438633 | Q6: Errore standard | R6: 0.0055574742
A7: 44203 | B7: 3803.79 | C7: =YEAR(A7) -> 2021 | D7: =MONTH(A7) -> 1 | E7: =_xlfn.ISOWEEKNUM(A7) -> 1 | F7: =WEEKDAY(A7,2) -> 4 | G7: =_xlfn.MINIFS($A$4:$A$1346,$C$4:$C$1346,C7,$D$4:$D$1346,D7) -> 44200 | H7: =_xlfn.MAXIFS($A$4:$A$1346,$C$4:$C$1346,C7,$D$4:$D$1346,D7) -> 44225 | J7: 44287 | K7: 44316 | L7: =INDEX($B$4:$B$1346,MATCH(J7,$A$4:$A$1346)) -> 4019.8701 | M7: =INDEX($B$4:$B$1346,MATCH(K7,$A$4:$A$1346)) -> 4181.1699 | N7: =(M7-M6)/M6 -> 0.052425321 | Q7: Mediana | R7: 0.020931723
A8: 44204 | B8: 3824.6799 | C8: =YEAR(A8) -> 2021 | D8: =MONTH(A8) -> 1 | E8: =_xlfn.ISOWEEKNUM(A8) -> 1 | F8: =WEEKDAY(A8,2) -> 5 | G8: =_xlfn.MINIFS($A$4:$A$1346,$C$4:$C$1346,C8,$D$4:$D$1346,D8) -> 44200 | H8: =_xlfn.MAXIFS($A$4:$A$1346,$C$4:$C$1346,C8,$D$4:$D$1346,D8) -> 44225 | J8: 44319 | K8: 44344 | L8: =INDEX($B$4:$B$1346,MATCH(J8,$A$4:$A$1346)) -> 4192.6602 | M8: =INDEX($B$4:$B$1346,MATCH(K8,$A$4:$A$1346)) -> 4204.1099 | N8: =(M8-M7)/M7 -> 0.0054864887 | Q8: Moda | R8: #N/A
A9: 44207 | B9: 3799.6101 | C9: =YEAR(A9) -> 2021 | D9: =MONTH(A9) -> 1 | E9: =_xlfn.ISOWEEKNUM(A9) -> 2 | F9: =WEEKDAY(A9,2) -> 1 | G9: =_xlfn.MINIFS($A$4:$A$1346,$C$4:$C$1346,C9,$D$4:$D$1346,D9) -> 44200 | H9: =_xlfn.MAXIFS($A$4:$A$1346,$C$4:$C$1346,C9,$D$4:$D$1346,D9) -> 44225 | J9: 44348 | K9: 44377 | L9: =INDEX($B$4:$B$1346,MATCH(J9,$A$4:$A$1346)) -> 4202.04 | M9: =INDEX($B$4:$B$1346,MATCH(K9,$A$4:$A$1346)) -> 4297.5 | N9: =(M9-M8)/M8 -> 0.02221401 | Q9: Deviazione standard | R9: 0.044459793
A10: 44208 | B10: 3801.1899 | C10: =YEAR(A10) -> 2021 | D10: =MONTH(A10) -> 1 | E10: =_xlfn.ISOWEEKNUM(A10) -> 2 | F10: =WEEKDAY(A10,2) -> 2 | G10: =_xlfn.MINIFS($A$4:$A$1346,$C$4:$C$1346,C10,$D$4:$D$1346,D10) -> 44200 | H10: =_xlfn.MAXIFS($A$4:$A$1346,$C$4:$C$1346,C10,$D$4:$D$1346,D10) -> 44225 | J10: 44378 | K10: 44407 | L10: =INDEX($B$4:$B$1346,MATCH(J10,$A$4:$A$1346)) -> 4319.9399 | M10: =INDEX($B$4:$B$1346,MATCH(K10,$A$4:$A$1346)) -> 4395.2598 | N10: =(M10-M9)/M9 -> 0.022748055 | Q10: Varianza campionaria | R10: 0.0019766732
A11: 44209 | B11: 3809.8401 | C11: =YEAR(A11) -> 2021 | D11: =MONTH(A11) -> 1 | E11: =_xlfn.ISOWEEKNUM(A11) -> 2 | F11: =WEEKDAY(A11,2) -> 3 | G11: =_xlfn.MINIFS($A$4:$A$1346,$C$4:$C$1346,C11,$D$4:$D$1346,D11) -> 44200 | H11: =_xlfn.MAXIFS($A$4:$A$1346,$C$4:$C$1346,C11,$D$4:$D$1346,D11) -> 44225 | J11: 44410 | K11: 44439 | L11: =INDEX($B$4:$B$1346,MATCH(J11,$A$4:$A$1346)) -> 4387.1602 | M11: =INDEX($B$4:$B$1346,MATCH(K11,$A$4:$A$1346)) -> 4522.6802 | N11: =(M11-M10)/M10 -> 0.028990416 | Q11: Curtosi | R11: -0.19151258
A12: 44210 | B12: 3795.54 | C12: =YEAR(A12) -> 2021 | D12: =MONTH(A12) -> 1 | E12: =_xlfn.ISOWEEKNUM(A12) -> 2 | F12: =WEEKDAY(A12,2) -> 4 | G12: =_xlfn.MINIFS($A$4:$A$1346,$C$4:$C$1346,C12,$D$4:$D$1346,D12) -> 44200 | H12: =_xlfn.MAXIFS($A$4:$A$1346,$C$4:$C$1346,C12,$D$4:$D$1346,D12) -> 44225 | J12: 44440 | K12: 44469 | L12: =INDEX($B$4:$B$1346,MATCH(J12,$A$4:$A$1346)) -> 4524.0898 | M12: =INDEX($B$4:$B$1346,MATCH(K12,$A$4:$A$1346)) -> 4307.54 | N12: =(M12-M11)/M11 -> -0.047569169 | Q12: Asimmetria | R12: -0.38234301
A13: 44211 | B13: 3768.25 | C13: =YEAR(A13) -> 2021 | D13: =MONTH(A13) -> 1 | E13: =_xlfn.ISOWEEKNUM(A13) -> 2 | F13: =WEEKDAY(A13,2) -> 5 | G13: =_xlfn.MINIFS($A$4:$A$1346,$C$4:$C$1346,C13,$D$4:$D$1346,D13) -> 44200 | H13: =_xlfn.MAXIFS($A$4:$A$1346,$C$4:$C$1346,C13,$D$4:$D$1346,D13) -> 44225 | J13: 44470 | K13: 44498 | L13: =INDEX($B$4:$B$1346,MATCH(J13,$A$4:$A$1346)) -> 4357.04 | M13: =INDEX($B$4:$B$1346,MATCH(K13,$A$4:$A$1346)) -> 4605.3799 | N13: =(M13-M12)/M12 -> 0.069143836 | Q13: Intervallo | R13: 0.19762906
A14: 44215 | B14: 3798.9099 | C14: =YEAR(A14) -> 2021 | D14: =MONTH(A14) -> 1 | E14: =_xlfn.ISOWEEKNUM(A14) -> 3 | F14: =WEEKDAY(A14,2) -> 2 | G14: =_xlfn.MINIFS($A$4:$A$1346,$C$4:$C$1346,C14,$D$4:$D$1346,D14) -> 44200 | H14: =_xlfn.MAXIFS($A$4:$A$1346,$C$4:$C$1346,C14,$D$4:$D$1346,D14) -> 44225 | J14: 44501 | K14: 44530 | L14: =INDEX($B$4:$B$1346,MATCH(J14,$A$4:$A$1346)) -> 4613.6699 | M14: =INDEX($B$4:$B$1346,MATCH(K14,$A$4:$A$1346)) -> 4567 | N14: =(M14-M13)/M13 -> -0.0083337062 | Q14: Minimo | R14: -0.093395672
A15: 44216 | B15: 3851.8501 | C15: =YEAR(A15) -> 2021 | D15: =MONTH(A15) -> 1 | E15: =_xlfn.ISOWEEKNUM(A15) -> 3 | F15: =WEEKDAY(A15,2) -> 3 | G15: =_xlfn.MINIFS($A$4:$A$1346,$C$4:$C$1346,C15,$D$4:$D$1346,D15) -> 44200 | H15: =_xlfn.MAXIFS($A$4:$A$1346,$C$4:$C$1346,C15,$D$4:$D$1346,D15) -> 44225 | J15: 44531 | K15: 44561 | L15: =INDEX($B$4:$B$1346,MATCH(J15,$A$4:$A$1346)) -> 4513.04 | M15: =INDEX($B$4:$B$1346,MATCH(K15,$A$4:$A$1346)) -> 4766.1802 | N15: =(M15-M14)/M14 -> 0.043612913 | Q15: Massimo | R15: 0.10423339
A16: 44217 | B16: 3853.0701 | C16: =YEAR(A16) -> 2021 | D16: =MONTH(A16) -> 1 | E16: =_xlfn.ISOWEEKNUM(A16) -> 3 | F16: =WEEKDAY(A16,2) -> 4 | G16: =_xlfn.MINIFS($A$4:$A$1346,$C$4:$C$1346,C16,$D$4:$D$1346,D16) -> 44200 | H16: =_xlfn.MAXIFS($A$4:$A$1346,$C$4:$C$1346,C16,$D$4:$D$1346,D16) -> 44225 | J16: 44564 | K16: 44592 | L16: =INDEX($B$4:$B$1346,MATCH(J16,$A$4:$A$1346)) -> 4796.5601 | M16: =INDEX($B$4:$B$1346,MATCH(K16,$A$4:$A$1346)) -> 4515.5498 | N16: =(M16-M15)/M15 -> -0.052585165 | Q16: Somma | R16: 0.75522672
A17: 44218 | B17: 3841.47 | C17: =YEAR(A17) -> 2021 | D17: =MONTH(A17) -> 1 | E17: =_xlfn.ISOWEEKNUM(A17) -> 3 | F17: =WEEKDAY(A17,2) -> 5 | G17: =_xlfn.MINIFS($A$4:$A$1346,$C$4:$C$1346,C17,$D$4:$D$1346,D17) -> 44200 | H17: =_xlfn.MAXIFS($A$4:$A$1346,$C$4:$C$1346,C17,$D$4:$D$1346,D17) -> 44225 | J17: 44593 | K17: 44620 | L17: =INDEX($B$4:$B$1346,MATCH(J17,$A$4:$A$1346)) -> 4546.54 | M17: =INDEX($B$4:$B$1346,MATCH(K17,$A$4:$A$1346)) -> 4373.9399 | N17: =(M17-M16)/M16 -> -0.031360492 | Q17: Conteggio | R17: 64
A18: 44221 | B18: 3855.3601 | C18: =YEAR(A18) -> 2021 | D18: =MONTH(A18) -> 1 | E18: =_xlfn.ISOWEEKNUM(A18) -> 4 | F18: =WEEKDAY(A18,2) -> 1 | G18: =_xlfn.MINIFS($A$4:$A$1346,$C$4:$C$1346,C18,$D$4:$D$1346,D18) -> 44200 | H18: =_xlfn.MAXIFS($A$4:$A$1346,$C$4:$C$1346,C18,$D$4:$D$1346,D18) -> 44225 | J18: 44621 | K18: 44651 | L18: =INDEX($B$4:$B$1346,MATCH(J18,$A$4:$A$1346)) -> 4306.2598 | M18: =INDEX($B$4:$B$1346,MATCH(K18,$A$4:$A$1346)) -> 4530.4102 | N18: =(M18-M17)/M17 -> 0.035773288 | Q18: Livello di confidenza(95,0%) | R18: 0.011105726
A19: 44222 | B19: 3849.6201 | C19: =YEAR(A19) -> 2021 | D19: =MONTH(A19) -> 1 | E19: =_xlfn.ISOWEEKNUM(A19) -> 4 | F19: =WEEKDAY(A19,2) -> 2 | G19: =_xlfn.MINIFS($A$4:$A$1346,$C$4:$C$1346,C19,$D$4:$D$1346,D19) -> 44200 | H19: =_xlfn.MAXIFS($A$4:$A$1346,$C$4:$C$1346,C19,$D$4:$D$1346,D19) -> 44225 | J19: 44652 | K19: 44680 | L19: =INDEX($B$4:$B$1346,MATCH(J19,$A$4:$A$1346)) -> 4545.8599 | M19: =INDEX($B$4:$B$1346,MATCH(K19,$A$4:$A$1346)) -> 4131.9302 | N19: =(M19-M18)/M18 -> -0.087956712
A20: 44223 | B20: 3750.77 | C20: =YEAR(A20) -> 2021 | D20: =MONTH(A20) -> 1 | E20: =_xlfn.ISOWEEKNUM(A20) -> 4 | F20: =WEEKDAY(A20,2) -> 3 | G20: =_xlfn.MINIFS($A$4:$A$1346,$C$4:$C$1346,C20,$D$4:$D$1346,D20) -> 44200 | H20: =_xlfn.MAXIFS($A$4:$A$1346,$C$4:$C$1346,C20,$D$4:$D$1346,D20) -> 44225 | J20: 44683 | K20: 44712 | L20: =INDEX($B$4:$B$1346,MATCH(J20,$A$4:$A$1346)) -> 4155.3799 | M20: =INDEX($B$4:$B$1346,MATCH(K20,$A$4:$A$1346)) -> 4132.1499 | N20: =(M20-M19)/M19 -> 5.3177705e-05
A21: 44224 | B21: 3787.3799 | C21: =YEAR(A21) -> 2021 | D21: =MONTH(A21) -> 1 | E21: =_xlfn.ISOWEEKNUM(A21) -> 4 | F21: =WEEKDAY(A21,2) -> 4 | G21: =_xlfn.MINIFS($A$4:$A$1346,$C$4:$C$1346,C21,$D$4:$D$1346,D21) -> 44200 | H21: =_xlfn.MAXIFS($A$4:$A$1346,$C$4:$C$1346,C21,$D$4:$D$1346,D21) -> 44225 | J21: 44713 | K21: 44742 | L21: =INDEX($B$4:$B$1346,MATCH(J21,$A$4:$A$1346)) -> 4101.23 | M21: =INDEX($B$4:$B$1346,MATCH(K21,$A$4:$A$1346)) -> 3785.3799 | N21: =(M21-M20)/M20 -> -0.08392
A22: 44225 | B22: 3714.24 | C22: =YEAR(A22) -> 2021 | D22: =MONTH(A22) -> 1 | E22: =_xlfn.ISOWEEKNUM(A22) -> 4 | F22: =WEEKDAY(A22,2) -> 5 | G22: =_xlfn.MINIFS($A$4:$A$1346,$C$4:$C$1346,C22,$D$4:$D$1346,D22) -> 44200 | H22: =_xlfn.MAXIFS($A$4:$A$1346,$C$4:$C$1346,C22,$D$4:$D$1346,D22) -> 44225 | J22: 44743 | K22: 44771 | L22: =INDEX($B$4:$B$1346,MATCH(J22,$A$4:$A$1346)) -> 3825.3301 | M22: =INDEX($B$4:$B$1346,MATCH(K22,$A$4:$A$1346)) -> 4130.29 | N22: =(M22-M21)/M21 -> 0.091116392
A23: 44228 | B23: 3773.8601 | C23: =YEAR(A23) -> 2021 | D23: =MONTH(A23) -> 2 | E23: =_xlfn.ISOWEEKNUM(A23) -> 5 | F23: =WEEKDAY(A23,2) -> 1 | G23: =_xlfn.MINIFS($A$4:$A$1346,$C$4:$C$1346,C23,$D$4:$D$1346,D23) -> 44228 | H23: =_xlfn.MAXIFS($A$4:$A$1346,$C$4:$C$1346,C23,$D$4:$D$1346,D23) -> 44253 | J23: 44774 | K23: 44804 | L23: =INDEX($B$4:$B$1346,MATCH(J23,$A$4:$A$1346)) -> 4118.6299 | M23: =INDEX($B$4:$B$1346,MATCH(K23,$A$4:$A$1346)) -> 3955 | N23: =(M23-M22)/M22 -> -0.042440128
A24: 44229 | B24: 3826.3101 | C24: =YEAR(A24) -> 2021 | D24: =MONTH(A24) -> 2 | E24: =_xlfn.ISOWEEKNUM(A24) -> 5 | F24: =WEEKDAY(A24,2) -> 2 | G24: =_xlfn.MINIFS($A$4:$A$1346,$C$4:$C$1346,C24,$D$4:$D$1346,D24) -> 44228 | H24: =_xlfn.MAXIFS($A$4:$A$1346,$C$4:$C$1346,C24,$D$4:$D$1346,D24) -> 44253 | J24: 44805 | K24: 44834 | L24: =INDEX($B$4:$B$1346,MATCH(J24,$A$4:$A$1346)) -> 3966.8501 | M24: =INDEX($B$4:$B$1346,MATCH(K24,$A$4:$A$1346)) -> 3585.6201 | N24: =(M24-M23)/M23 -> -0.093395672
A25: 44230 | B25: 3830.1699 | C25: =YEAR(A25) -> 2021 | D25: =MONTH(A25) -> 2 | E25: =_xlfn.ISOWEEKNUM(A25) -> 5 | F25: =WEEKDAY(A25,2) -> 3 | G25: =_xlfn.MINIFS($A$4:$A$1346,$C$4:$C$1346,C25,$D$4:$D$1346,D25) -> 44228 | H25: =_xlfn.MAXIFS($A$4:$A$1346,$C$4:$C$1346,C25,$D$4:$D$1346,D25) -> 44253 | J25: 44837 | K25: 44865 | L25: =INDEX($B$4:$B$1346,MATCH(J25,$A$4:$A$1346)) -> 3678.4299 | M25: =INDEX($B$4:$B$1346,MATCH(K25,$A$4:$A$1346)) -> 3871.98 | N25: =(M25-M24)/M24 -> 0.079863414
A26: 44231 | B26: 3871.74 | C26: =YEAR(A26) -> 2021 | D26: =MONTH(A26) -> 2 | E26: =_xlfn.ISOWEEKNUM(A26) -> 5 | F26: =WEEKDAY(A26,2) -> 4 | G26: =_xlfn.MINIFS($A$4:$A$1346,$C$4:$C$1346,C26,$D$4:$D$1346,D26) -> 44228 | H26: =_xlfn.MAXIFS($A$4:$A$1346,$C$4:$C$1346,C26,$D$4:$D$1346,D26) -> 44253 | J26: 44866 | K26: 44895 | L26: =INDEX($B$4:$B$1346,MATCH(J26,$A$4:$A$1346)) -> 3856.1001 | M26: =INDEX($B$4:$B$1346,MATCH(K26,$A$4:$A$1346)) -> 4080.1101 | N26: =(M26-M25)/M25 -> 0.053752893
A27: 44232 | B27: 3886.8301 | C27: =YEAR(A27) -> 2021 | D27: =MONTH(A27) -> 2 | E27: =_xlfn.ISOWEEKNUM(A27) -> 5 | F27: =WEEKDAY(A27,2) -> 5 | G27: =_xlfn.MINIFS($A$4:$A$1346,$C$4:$C$1346,C27,$D$4:$D$1346,D27) -> 44228 | H27: =_xlfn.MAXIFS($A$4:$A$1346,$C$4:$C$1346,C27,$D$4:$D$1346,D27) -> 44253 | J27: 44896 | K27: 44925 | L27: =INDEX($B$4:$B$1346,MATCH(J27,$A$4:$A$1346)) -> 4076.5701 | M27: =INDEX($B$4:$B$1346,MATCH(K27,$A$4:$A$1346)) -> 3839.5 | N27: =(M27-M26)/M26 -> -0.058971474
A28: 44235 | B28: 3915.5901 | C28: =YEAR(A28) -> 2021 | D28: =MONTH(A28) -> 2 | E28: =_xlfn.ISOWEEKNUM(A28) -> 6 | F28: =WEEKDAY(A28,2) -> 1 | G28: =_xlfn.MINIFS($A$4:$A$1346,$C$4:$C$1346,C28,$D$4:$D$1346,D28) -> 44228 | H28: =_xlfn.MAXIFS($A$4:$A$1346,$C$4:$C$1346,C28,$D$4:$D$1346,D28) -> 44253 | J28: 44929 | K28: 44957 | L28: =INDEX($B$4:$B$1346,MATCH(J28,$A$4:$A$1346)) -> 3824.1399 | M28: =INDEX($B$4:$B$1346,MATCH(K28,$A$4:$A$1346)) -> 4076.6001 | N28: =(M28-M27)/M27 -> 0.061752858
A29: 44236 | B29: 3911.23 | C29: =YEAR(A29) -> 2021 | D29: =MONTH(A29) -> 2 | E29: =_xlfn.ISOWEEKNUM(A29) -> 6 | F29: =WEEKDAY(A29,2) -> 2 | G29: =_xlfn.MINIFS($A$4:$A$1346,$C$4:$C$1346,C29,$D$4:$D$1346,D29) -> 44228 | H29: =_xlfn.MAXIFS($A$4:$A$1346,$C$4:$C$1346,C29,$D$4:$D$1346,D29) -> 44253 | J29: 44958 | K29: 44985 | L29: =INDEX($B$4:$B$1346,MATCH(J29,$A$4:$A$1346)) -> 4119.21 | M29: =INDEX($B$4:$B$1346,MATCH(K29,$A$4:$A$1346)) -> 3970.1499 | N29: =(M29-M28)/M28 -> -0.026112494
A30: 44237 | B30: 3909.8799 | C30: =YEAR(A30) -> 2021 | D30: =MONTH(A30) -> 2 | E30: =_xlfn.ISOWEEKNUM(A30) -> 6 | F30: =WEEKDAY(A30,2) -> 3 | G30: =_xlfn.MINIFS($A$4:$A$1346,$C$4:$C$1346,C30,$D$4:$D$1346,D30) -> 44228 | H30: =_xlfn.MAXIFS($A$4:$A$1346,$C$4:$C$1346,C30,$D$4:$D$1346,D30) -> 44253 | J30: 44986 | K30: 45016 | L30: =INDEX($B$4:$B$1346,MATCH(J30,$A$4:$A$1346)) -> 3951.3899 | M30: =INDEX($B$4:$B$1346,MATCH(K30,$A$4:$A$1346)) -> 4109.3101 | N30: =(M30-M29)/M29 -> 0.035051613
... A68: 44293 | B68: 4079.95 | C68: =YEAR(A68) -> 2021 | D68: =MONTH(A68) -> 4 | E68: =_xlfn.ISOWEEKNUM(A68) -> 14 | F68: =WEEKDAY(A68,2) -> 3 | G68: =_xlfn.MINIFS($A$4:$A$1346,$C$4:$C$1346,C68,$D$4:$D$1346,D68) -> 44287 | H68: =_xlfn.MAXIFS($A$4:$A$1346,$C$4:$C$1346,C68,$D$4:$D$1346,D68) -> 44316 | J68: 46143 | K68: 46150 | L68: =INDEX($B$4:$B$1346,MATCH(J68,$A$4:$A$1346)) -> 7230.1201 | M68: =INDEX($B$4:$B$1346,MATCH(K68,$A$4:$A$1346)) -> 7398.9302 | N68: =(M68-M67)/M67 -> 0.026344868
A69: 44294 | B69: 4097.1699 | C69: =YEAR(A69) -> 2021 | D69: =MONTH(A69) -> 4 | E69: =_xlfn.ISOWEEKNUM(A69) -> 14 | F69: =WEEKDAY(A69,2) -> 4 | G69: =_xlfn.MINIFS($A$4:$A$1346,$C$4:$C$1346,C69,$D$4:$D$1346,D69) -> 44287 | H69: =_xlfn.MAXIFS($A$4:$A$1346,$C$4:$C$1346,C69,$D$4:$D$1346,D69) -> 44316
A70: 44295 | B70: 4128.7998 | C70: =YEAR(A70) -> 2021 | D70: =MONTH(A70) -> 4 | E70: =_xlfn.ISOWEEKNUM(A70) -> 14 | F70: =WEEKDAY(A70,2) -> 5 | G70: =_xlfn.MINIFS($A$4:$A$1346,$C$4:$C$1346,C70,$D$4:$D$1346,D70) -> 44287 | H70: =_xlfn.MAXIFS($A$4:$A$1346,$C$4:$C$1346,C70,$D$4:$D$1346,D70) -> 44316
A71: 44298 | B71: 4127.9902 | C71: =YEAR(A71) -> 2021 | D71: =MONTH(A71) -> 4 | E71: =_xlfn.ISOWEEKNUM(A71) -> 15 | F71: =WEEKDAY(A71,2) -> 1 | G71: =_xlfn.MINIFS($A$4:$A$1346,$C$4:$C$1346,C71,$D$4:$D$1346,D71) -> 44287 | H71: =_xlfn.MAXIFS($A$4:$A$1346,$C$4:$C$1346,C71,$D$4:$D$1346,D71) -> 44316
A72: 44299 | B72: 4141.5898 | C72: =YEAR(A72) -> 2021 | D72: =MONTH(A72) -> 4 | E72: =_xlfn.ISOWEEKNUM(A72) -> 15 | F72: =WEEKDAY(A72,2) -> 2 | G72: =_xlfn.MINIFS($A$4:$A$1346,$C$4:$C$1346,C72,$D$4:$D$1346,D72) -> 44287 | H72: =_xlfn.MAXIFS($A$4:$A$1346,$C$4:$C$1346,C72,$D$4:$D$1346,D72) -> 44316
A73: 44300 | B73: 4124.6602 | C73: =YEAR(A73) -> 2021 | D73: =MONTH(A73) -> 4 | E73: =_xlfn.ISOWEEKNUM(A73) -> 15 | F73: =WEEKDAY(A73,2) -> 3 | G73: =_xlfn.MINIFS($A$4:$A$1346,$C$4:$C$1346,C73,$D$4:$D$1346,D73) -> 44287 | H73: =_xlfn.MAXIFS($A$4:$A$1346,$C$4:$C$1346,C73,$D$4:$D$1346,D73) -> 44316
A74: 44301 | B74: 4170.4199 | C74: =YEAR(A74) -> 2021 | D74: =MONTH(A74) -> 4 | E74: =_xlfn.ISOWEEKNUM(A74) -> 15 | F74: =WEEKDAY(A74,2) -> 4 | G74: =_xlfn.MINIFS($A$4:$A$1346,$C$4:$C$1346,C74,$D$4:$D$1346,D74) -> 44287 | H74: =_xlfn.MAXIFS($A$4:$A$1346,$C$4:$C$1346,C74,$D$4:$D$1346,D74) -> 44316
A75: 44302 | B75: 4185.4702 | C75: =YEAR(A75) -> 2021 | D75: =MONTH(A75) -> 4 | E75: =_xlfn.ISOWEEKNUM(A75) -> 15 | F75: =WEEKDAY(A75,2) -> 5 | G75: =_xlfn.MINIFS($A$4:$A$1346,$C$4:$C$1346,C75,$D$4:$D$1346,D75) -> 44287 | H75: =_xlfn.MAXIFS($A$4:$A$1346,$C$4:$C$1346,C75,$D$4:$D$1346,D75) -> 44316
A76: 44305 | B76: 4163.2598 | C76: =YEAR(A76) -> 2021 | D76: =MONTH(A76) -> 4 | E76: =_xlfn.ISOWEEKNUM(A76) -> 16 | F76: =WEEKDAY(A76,2) -> 1 | G76: =_xlfn.MINIFS($A$4:$A$1346,$C$4:$C$1346,C76,$D$4:$D$1346,D76) -> 44287 | H76: =_xlfn.MAXIFS($A$4:$A$1346,$C$4:$C$1346,C76,$D$4:$D$1346,D76) -> 44316
A77: 44306 | B77: 4134.9399 | C77: =YEAR(A77) -> 2021 | D77: =MONTH(A77) -> 4 | E77: =_xlfn.ISOWEEKNUM(A77) -> 16 | F77: =WEEKDAY(A77,2) -> 2 | G77: =_xlfn.MINIFS($A$4:$A$1346,$C$4:$C$1346,C77,$D$4:$D$1346,D77) -> 44287 | H77: =_xlfn.MAXIFS($A$4:$A$1346,$C$4:$C$1346,C77,$D$4:$D$1346,D77) -> 44316
A78: 44307 | B78: 4173.4199 | C78: =YEAR(A78) -> 2021 | D78: =MONTH(A78) -> 4 | E78: =_xlfn.ISOWEEKNUM(A78) -> 16 | F78: =WEEKDAY(A78,2) -> 3 | G78: =_xlfn.MINIFS($A$4:$A$1346,$C$4:$C$1346,C78,$D$4:$D$1346,D78) -> 44287 | H78: =_xlfn.MAXIFS($A$4:$A$1346,$C$4:$C$1346,C78,$D$4:$D$1346,D78) -> 44316
A79: 44308 | B79: 4134.98 | C79: =YEAR(A79) -> 2021 | D79: =MONTH(A79) -> 4 | E79: =_xlfn.ISOWEEKNUM(A79) -> 16 | F79: =WEEKDAY(A79,2) -> 4 | G79: =_xlfn.MINIFS($A$4:$A$1346,$C$4:$C$1346,C79,$D$4:$D$1346,D79) -> 44287 | H79: =_xlfn.MAXIFS($A$4:$A$1346,$C$4:$C$1346,C79,$D$4:$D$1346,D79) -> 44316
A80: 44309 | B80: 4180.1699 | C80: =YEAR(A80) -> 2021 | D80: =MONTH(A80) -> 4 | E80: =_xlfn.ISOWEEKNUM(A80) -> 16 | F80: =WEEKDAY(A80,2) -> 5 | G80: =_xlfn.MINIFS($A$4:$A$1346,$C$4:$C$1346,C80,$D$4:$D$1346,D80) -> 44287 | H80: =_xlfn.MAXIFS($A$4:$A$1346,$C$4:$C$1346,C80,$D$4:$D$1346,D80) -> 44316
... A1346: 46150 | B1346: 7398.9302 | C1346: =YEAR(A1346) -> 2026 | D1346: =MONTH(A1346) -> 5 | E1346: =_xlfn.ISOWEEKNUM(A1346) -> 19 | F1346: =WEEKDAY(A1346,2) -> 5 | G1346: =_xlfn.MINIFS($A$4:$A$1346,$C$4:$C$1346,C1346,$D$4:$D$1346,D1346) -> 46143 | H1346: =_xlfn.MAXIFS($A$4:$A$1346,$C$4:$C$1346,C1346,$D$4:$D$1346,D1346) -> 46150

Sheet Rend. Annuali SP500
A1: RENDIMENTI ANNUALI DI S&P 500
A3: Date | B3: Close | C3: Anno | D3: Mese | E3: Settimana ISO | F3: Giorno | G3: Data inizio anno | H3: Data fine anno | J3: Data inizio anno | K3: Data fine anno | L3: Prezzo chiusura inizio anno | M3: Prezzo chiusura fine anno | N3: Rendimenti annuali
A4: 44200 | B4: 3700.6499 | C4: =YEAR(A4) -> 2021 | D4: =MONTH(A4) -> 1 | E4: =_xlfn.ISOWEEKNUM(A4) -> 1 | F4: =WEEKDAY(A4,2) -> 1 | G4: =_xlfn.MINIFS($A$4:$A$1346,$C$4:$C$1346,C4,$C$4:$C$1346,C4) -> 44200 | H4: =_xlfn.MAXIFS($A$4:$A$1346,$C$4:$C$1346,C4,$C$4:$C$1346,C4) -> 44561 | J4: {=_xlfn.UNIQUE(G4:G1346)} -> 44200 | K4: {=_xlfn.UNIQUE(H4:H1346)} -> 44561 | L4: =INDEX($B$4:$B$1346,MATCH(J4,$A$4:$A$1346)) -> 3700.6499 | M4: =INDEX($B$4:$B$1346,MATCH(K4,$A$4:$A$1346)) -> 4766.1802 | N4: 0
A5: 44201 | B5: 3726.8601 | C5: =YEAR(A5) -> 2021 | D5: =MONTH(A5) -> 1 | E5: =_xlfn.ISOWEEKNUM(A5) -> 1 | F5: =WEEKDAY(A5,2) -> 2 | G5: =_xlfn.MINIFS($A$4:$A$1346,$C$4:$C$1346,C5,$C$4:$C$1346,C5) -> 44200 | H5: =_xlfn.MAXIFS($A$4:$A$1346,$C$4:$C$1346,C5,$C$4:$C$1346,C5) -> 44561 | J5: 44564 | K5: 44925 | L5: =INDEX($B$4:$B$1346,MATCH(J5,$A$4:$A$1346)) -> 4796.5601 | M5: =INDEX($B$4:$B$1346,MATCH(K5,$A$4:$A$1346)) -> 3839.5 | N5: =(M5-M4)/M4 -> -0.19442827
A6: 44202 | B6: 3748.1399 | C6: =YEAR(A6) -> 2021 | D6: =MONTH(A6) -> 1 | E6: =_xlfn.ISOWEEKNUM(A6) -> 1 | F6: =WEEKDAY(A6,2) -> 3 | G6: =_xlfn.MINIFS($A$4:$A$1346,$C$4:$C$1346,C6,$C$4:$C$1346,C6) -> 44200 | H6: =_xlfn.MAXIFS($A$4:$A$1346,$C$4:$C$1346,C6,$C$4:$C$1346,C6) -> 44561 | J6: 44929 | K6: 45289 | L6: =INDEX($B$4:$B$1346,MATCH(J6,$A$4:$A$1346)) -> 3824.1399 | M6: =INDEX($B$4:$B$1346,MATCH(K6,$A$4:$A$1346)) -> 4769.8301 | N6: =(M6-M5)/M5 -> 0.24230501
A7: 44203 | B7: 3803.79 | C7: =YEAR(A7) -> 2021 | D7: =MONTH(A7) -> 1 | E7: =_xlfn.ISOWEEKNUM(A7) -> 1 | F7: =WEEKDAY(A7,2) -> 4 | G7: =_xlfn.MINIFS($A$4:$A$1346,$C$4:$C$1346,C7,$C$4:$C$1346,C7) -> 44200 | H7: =_xlfn.MAXIFS($A$4:$A$1346,$C$4:$C$1346,C7,$C$4:$C$1346,C7) -> 44561 | J7: 45293 | K7: 45657 | L7: =INDEX($B$4:$B$1346,MATCH(J7,$A$4:$A$1346)) -> 4742.8301 | M7: =INDEX($B$4:$B$1346,MATCH(K7,$A$4:$A$1346)) -> 5881.6299 | N7: =(M7-M6)/M6 -> 0.23309002
A8: 44204 | B8: 3824.6799 | C8: =YEAR(A8) -> 2021 | D8: =MONTH(A8) -> 1 | E8: =_xlfn.ISOWEEKNUM(A8) -> 1 | F8: =WEEKDAY(A8,2) -> 5 | G8: =_xlfn.MINIFS($A$4:$A$1346,$C$4:$C$1346,C8,$C$4:$C$1346,C8) -> 44200 | H8: =_xlfn.MAXIFS($A$4:$A$1346,$C$4:$C$1346,C8,$C$4:$C$1346,C8) -> 44561 | J8: 45659 | K8: 46022 | L8: =INDEX($B$4:$B$1346,MATCH(J8,$A$4:$A$1346)) -> 5868.5498 | M8: =INDEX($B$4:$B$1346,MATCH(K8,$A$4:$A$1346)) -> 6845.5 | N8: =(M8-M7)/M7 -> 0.16387806
A9: 44207 | B9: 3799.6101 | C9: =YEAR(A9) -> 2021 | D9: =MONTH(A9) -> 1 | E9: =_xlfn.ISOWEEKNUM(A9) -> 2 | F9: =WEEKDAY(A9,2) -> 1 | G9: =_xlfn.MINIFS($A$4:$A$1346,$C$4:$C$1346,C9,$C$4:$C$1346,C9) -> 44200 | H9: =_xlfn.MAXIFS($A$4:$A$1346,$C$4:$C$1346,C9,$C$4:$C$1346,C9) -> 44561 | J9: 46024 | K9: 46150 | L9: =INDEX($B$4:$B$1346,MATCH(J9,$A$4:$A$1346)) -> 6858.4702 | M9: =INDEX($B$4:$B$1346,MATCH(K9,$A$4:$A$1346)) -> 7398.9302 | N9: =(M9-M8)/M8 -> 0.080845837
A10: 44208 | B10: 3801.1899 | C10: =YEAR(A10) -> 2021 | D10: =MONTH(A10) -> 1 | E10: =_xlfn.ISOWEEKNUM(A10) -> 2 | F10: =WEEKDAY(A10,2) -> 2 | G10: =_xlfn.MINIFS($A$4:$A$1346,$C$4:$C$1346,C10,$C$4:$C$1346,C10) -> 44200 | H10: =_xlfn.MAXIFS($A$4:$A$1346,$C$4:$C$1346,C10,$C$4:$C$1346,C10) -> 44561
A11: 44209 | B11: 3809.8401 | C11: =YEAR(A11) -> 2021 | D11: =MONTH(A11) -> 1 | E11: =_xlfn.ISOWEEKNUM(A11) -> 2 | F11: =WEEKDAY(A11,2) -> 3 | G11: =_xlfn.MINIFS($A$4:$A$1346,$C$4:$C$1346,C11,$C$4:$C$1346,C11) -> 44200 | H11: =_xlfn.MAXIFS($A$4:$A$1346,$C$4:$C$1346,C11,$C$4:$C$1346,C11) -> 44561
A12: 44210 | B12: 3795.54 | C12: =YEAR(A12) -> 2021 | D12: =MONTH(A12) -> 1 | E12: =_xlfn.ISOWEEKNUM(A12) -> 2 | F12: =WEEKDAY(A12,2) -> 4 | G12: =_xlfn.MINIFS($A$4:$A$1346,$C$4:$C$1346,C12,$C$4:$C$1346,C12) -> 44200 | H12: =_xlfn.MAXIFS($A$4:$A$1346,$C$4:$C$1346,C12,$C$4:$C$1346,C12) -> 44561 | L12: Statistiche rendimenti Annuali S&P500
A13: 44211 | B13: 3768.25 | C13: =YEAR(A13) -> 2021 | D13: =MONTH(A13) -> 1 | E13: =_xlfn.ISOWEEKNUM(A13) -> 2 | F13: =WEEKDAY(A13,2) -> 5 | G13: =_xlfn.MINIFS($A$4:$A$1346,$C$4:$C$1346,C13,$C$4:$C$1346,C13) -> 44200 | H13: =_xlfn.MAXIFS($A$4:$A$1346,$C$4:$C$1346,C13,$C$4:$C$1346,C13) -> 44561
A14: 44215 | B14: 3798.9099 | C14: =YEAR(A14) -> 2021 | D14: =MONTH(A14) -> 1 | E14: =_xlfn.ISOWEEKNUM(A14) -> 3 | F14: =WEEKDAY(A14,2) -> 2 | G14: =_xlfn.MINIFS($A$4:$A$1346,$C$4:$C$1346,C14,$C$4:$C$1346,C14) -> 44200 | H14: =_xlfn.MAXIFS($A$4:$A$1346,$C$4:$C$1346,C14,$C$4:$C$1346,C14) -> 44561 | L14: Media | M14: 0.10513813
A15: 44216 | B15: 3851.8501 | C15: =YEAR(A15) -> 2021 | D15: =MONTH(A15) -> 1 | E15: =_xlfn.ISOWEEKNUM(A15) -> 3 | F15: =WEEKDAY(A15,2) -> 3 | G15: =_xlfn.MINIFS($A$4:$A$1346,$C$4:$C$1346,C15,$C$4:$C$1346,C15) -> 44200 | H15: =_xlfn.MAXIFS($A$4:$A$1346,$C$4:$C$1346,C15,$C$4:$C$1346,C15) -> 44561 | L15: Errore standard | M15: 0.080301608
A16: 44217 | B16: 3853.0701 | C16: =YEAR(A16) -> 2021 | D16: =MONTH(A16) -> 1 | E16: =_xlfn.ISOWEEKNUM(A16) -> 3 | F16: =WEEKDAY(A16,2) -> 4 | G16: =_xlfn.MINIFS($A$4:$A$1346,$C$4:$C$1346,C16,$C$4:$C$1346,C16) -> 44200 | H16: =_xlfn.MAXIFS($A$4:$A$1346,$C$4:$C$1346,C16,$C$4:$C$1346,C16) -> 44561 | L16: Mediana | M16: 0.16387806
A17: 44218 | B17: 3841.47 | C17: =YEAR(A17) -> 2021 | D17: =MONTH(A17) -> 1 | E17: =_xlfn.ISOWEEKNUM(A17) -> 3 | F17: =WEEKDAY(A17,2) -> 5 | G17: =_xlfn.MINIFS($A$4:$A$1346,$C$4:$C$1346,C17,$C$4:$C$1346,C17) -> 44200 | H17: =_xlfn.MAXIFS($A$4:$A$1346,$C$4:$C$1346,C17,$C$4:$C$1346,C17) -> 44561 | L17: Moda | M17: #N/A
A18: 44221 | B18: 3855.3601 | C18: =YEAR(A18) -> 2021 | D18: =MONTH(A18) -> 1 | E18: =_xlfn.ISOWEEKNUM(A18) -> 4 | F18: =WEEKDAY(A18,2) -> 1 | G18: =_xlfn.MINIFS($A$4:$A$1346,$C$4:$C$1346,C18,$C$4:$C$1346,C18) -> 44200 | H18: =_xlfn.MAXIFS($A$4:$A$1346,$C$4:$C$1346,C18,$C$4:$C$1346,C18) -> 44561 | L18: Deviazione standard | M18: 0.17955985
A19: 44222 | B19: 3849.6201 | C19: =YEAR(A19) -> 2021 | D19: =MONTH(A19) -> 1 | E19: =_xlfn.ISOWEEKNUM(A19) -> 4 | F19: =WEEKDAY(A19,2) -> 2 | G19: =_xlfn.MINIFS($A$4:$A$1346,$C$4:$C$1346,C19,$C$4:$C$1346,C19) -> 44200 | H19: =_xlfn.MAXIFS($A$4:$A$1346,$C$4:$C$1346,C19,$C$4:$C$1346,C19) -> 44561 | L19: Varianza campionaria | M19: 0.032241741
A20: 44223 | B20: 3750.77 | C20: =YEAR(A20) -> 2021 | D20: =MONTH(A20) -> 1 | E20: =_xlfn.ISOWEEKNUM(A20) -> 4 | F20: =WEEKDAY(A20,2) -> 3 | G20: =_xlfn.MINIFS($A$4:$A$1346,$C$4:$C$1346,C20,$C$4:$C$1346,C20) -> 44200 | H20: =_xlfn.MAXIFS($A$4:$A$1346,$C$4:$C$1346,C20,$C$4:$C$1346,C20) -> 44561 | L20: Curtosi | M20: 2.4464933
A21: 44224 | B21: 3787.3799 | C21: =YEAR(A21) -> 2021 | D21: =MONTH(A21) -> 1 | E21: =_xlfn.ISOWEEKNUM(A21) -> 4 | F21: =WEEKDAY(A21,2) -> 4 | G21: =_xlfn.MINIFS($A$4:$A$1346,$C$4:$C$1346,C21,$C$4:$C$1346,C21) -> 44200 | H21: =_xlfn.MAXIFS($A$4:$A$1346,$C$4:$C$1346,C21,$C$4:$C$1346,C21) -> 44561 | L21: Asimmetria | M21: -1.5847573
A22: 44225 | B22: 3714.24 | C22: =YEAR(A22) -> 2021 | D22: =MONTH(A22) -> 1 | E22: =_xlfn.ISOWEEKNUM(A22) -> 4 | F22: =WEEKDAY(A22,2) -> 5 | G22: =_xlfn.MINIFS($A$4:$A$1346,$C$4:$C$1346,C22,$C$4:$C$1346,C22) -> 44200 | H22: =_xlfn.MAXIFS($A$4:$A$1346,$C$4:$C$1346,C22,$C$4:$C$1346,C22) -> 44561 | L22: Intervallo | M22: 0.43673328
A23: 44228 | B23: 3773.8601 | C23: =YEAR(A23) -> 2021 | D23: =MONTH(A23) -> 2 | E23: =_xlfn.ISOWEEKNUM(A23) -> 5 | F23: =WEEKDAY(A23,2) -> 1 | G23: =_xlfn.MINIFS($A$4:$A$1346,$C$4:$C$1346,C23,$C$4:$C$1346,C23) -> 44200 | H23: =_xlfn.MAXIFS($A$4:$A$1346,$C$4:$C$1346,C23,$C$4:$C$1346,C23) -> 44561 | L23: Minimo | M23: -0.19442827
A24: 44229 | B24: 3826.3101 | C24: =YEAR(A24) -> 2021 | D24: =MONTH(A24) -> 2 | E24: =_xlfn.ISOWEEKNUM(A24) -> 5 | F24: =WEEKDAY(A24,2) -> 2 | G24: =_xlfn.MINIFS($A$4:$A$1346,$C$4:$C$1346,C24,$C$4:$C$1346,C24) -> 44200 | H24: =_xlfn.MAXIFS($A$4:$A$1346,$C$4:$C$1346,C24,$C$4:$C$1346,C24) -> 44561 | L24: Massimo | M24: 0.24230501
A25: 44230 | B25: 3830.1699 | C25: =YEAR(A25) -> 2021 | D25: =MONTH(A25) -> 2 | E25: =_xlfn.ISOWEEKNUM(A25) -> 5 | F25: =WEEKDAY(A25,2) -> 3 | G25: =_xlfn.MINIFS($A$4:$A$1346,$C$4:$C$1346,C25,$C$4:$C$1346,C25) -> 44200 | H25: =_xlfn.MAXIFS($A$4:$A$1346,$C$4:$C$1346,C25,$C$4:$C$1346,C25) -> 44561 | L25: Somma | M25: 0.52569066
A26: 44231 | B26: 3871.74 | C26: =YEAR(A26) -> 2021 | D26: =MONTH(A26) -> 2 | E26: =_xlfn.ISOWEEKNUM(A26) -> 5 | F26: =WEEKDAY(A26,2) -> 4 | G26: =_xlfn.MINIFS($A$4:$A$1346,$C$4:$C$1346,C26,$C$4:$C$1346,C26) -> 44200 | H26: =_xlfn.MAXIFS($A$4:$A$1346,$C$4:$C$1346,C26,$C$4:$C$1346,C26) -> 44561 | L26: Conteggio | M26: 5
A27: 44232 | B27: 3886.8301 | C27: =YEAR(A27) -> 2021 | D27: =MONTH(A27) -> 2 | E27: =_xlfn.ISOWEEKNUM(A27) -> 5 | F27: =WEEKDAY(A27,2) -> 5 | G27: =_xlfn.MINIFS($A$4:$A$1346,$C$4:$C$1346,C27,$C$4:$C$1346,C27) -> 44200 | H27: =_xlfn.MAXIFS($A$4:$A$1346,$C$4:$C$1346,C27,$C$4:$C$1346,C27) -> 44561 | L27: Livello di confidenza(95,0%) | M27: 0.22295301
A28: 44235 | B28: 3915.5901 | C28: =YEAR(A28) -> 2021 | D28: =MONTH(A28) -> 2 | E28: =_xlfn.ISOWEEKNUM(A28) -> 6 | F28: =WEEKDAY(A28,2) -> 1 | G28: =_xlfn.MINIFS($A$4:$A$1346,$C$4:$C$1346,C28,$C$4:$C$1346,C28) -> 44200 | H28: =_xlfn.MAXIFS($A$4:$A$1346,$C$4:$C$1346,C28,$C$4:$C$1346,C28) -> 44561
A29: 44236 | B29: 3911.23 | C29: =YEAR(A29) -> 2021 | D29: =MONTH(A29) -> 2 | E29: =_xlfn.ISOWEEKNUM(A29) -> 6 | F29: =WEEKDAY(A29,2) -> 2 | G29: =_xlfn.MINIFS($A$4:$A$1346,$C$4:$C$1346,C29,$C$4:$C$1346,C29) -> 44200 | H29: =_xlfn.MAXIFS($A$4:$A$1346,$C$4:$C$1346,C29,$C$4:$C$1346,C29) -> 44561
A30: 44237 | B30: 3909.8799 | C30: =YEAR(A30) -> 2021 | D30: =MONTH(A30) -> 2 | E30: =_xlfn.ISOWEEKNUM(A30) -> 6 | F30: =WEEKDAY(A30,2) -> 3 | G30: =_xlfn.MINIFS($A$4:$A$1346,$C$4:$C$1346,C30,$C$4:$C$1346,C30) -> 44200 | H30: =_xlfn.MAXIFS($A$4:$A$1346,$C$4:$C$1346,C30,$C$4:$C$1346,C30) -> 44561
A31: 44238 | B31: 3916.3799 | C31: =YEAR(A31) -> 2021 | D31: =MONTH(A31) -> 2 | E31: =_xlfn.ISOWEEKNUM(A31) -> 6 | F31: =WEEKDAY(A31,2) -> 4 | G31: =_xlfn.MINIFS($A$4:$A$1346,$C$4:$C$1346,C31,$C$4:$C$1346,C31) -> 44200 | H31: =_xlfn.MAXIFS($A$4:$A$1346,$C$4:$C$1346,C31,$C$4:$C$1346,C31) -> 44561
A32: 44239 | B32: 3934.8301 | C32: =YEAR(A32) -> 2021 | D32: =MONTH(A32) -> 2 | E32: =_xlfn.ISOWEEKNUM(A32) -> 6 | F32: =WEEKDAY(A32,2) -> 5 | G32: =_xlfn.MINIFS($A$4:$A$1346,$C$4:$C$1346,C32,$C$4:$C$1346,C32) -> 44200 | H32: =_xlfn.MAXIFS($A$4:$A$1346,$C$4:$C$1346,C32,$C$4:$C$1346,C32) -> 44561
A33: 44243 | B33: 3932.5901 | C33: =YEAR(A33) -> 2021 | D33: =MONTH(A33) -> 2 | E33: =_xlfn.ISOWEEKNUM(A33) -> 7 | F33: =WEEKDAY(A33,2) -> 2 | G33: =_xlfn.MINIFS($A$4:$A$1346,$C$4:$C$1346,C33,$C$4:$C$1346,C33) -> 44200 | H33: =_xlfn.MAXIFS($A$4:$A$1346,$C$4:$C$1346,C33,$C$4:$C$1346,C33) -> 44561
A34: 44244 | B34: 3931.3301 | C34: =YEAR(A34) -> 2021 | D34: =MONTH(A34) -> 2 | E34: =_xlfn.ISOWEEKNUM(A34) -> 7 | F34: =WEEKDAY(A34,2) -> 3 | G34: =_xlfn.MINIFS($A$4:$A$1346,$C$4:$C$1346,C34,$C$4:$C$1346,C34) -> 44200 | H34: =_xlfn.MAXIFS($A$4:$A$1346,$C$4:$C$1346,C34,$C$4:$C$1346,C34) -> 44561
A35: 44245 | B35: 3913.97 | C35: =YEAR(A35) -> 2021 | D35: =MONTH(A35) -> 2 | E35: =_xlfn.ISOWEEKNUM(A35) -> 7 | F35: =WEEKDAY(A35,2) -> 4 | G35: =_xlfn.MINIFS($A$4:$A$1346,$C$4:$C$1346,C35,$C$4:$C$1346,C35) -> 44200 | H35: =_xlfn.MAXIFS($A$4:$A$1346,$C$4:$C$1346,C35,$C$4:$C$1346,C35) -> 44561
A36: 44246 | B36: 3906.71 | C36: =YEAR(A36) -> 2021 | D36: =MONTH(A36) -> 2 | E36: =_xlfn.ISOWEEKNUM(A36) -> 7 | F36: =WEEKDAY(A36,2) -> 5 | G36: =_xlfn.MINIFS($A$4:$A$1346,$C$4:$C$1346,C36,$C$4:$C$1346,C36) -> 44200 | H36: =_xlfn.MAXIFS($A$4:$A$1346,$C$4:$C$1346,C36,$C$4:$C$1346,C36) -> 44561
A37: 44249 | B37: 3876.5 | C37: =YEAR(A37) -> 2021 | D37: =MONTH(A37) -> 2 | E37: =_xlfn.ISOWEEKNUM(A37) -> 8 | F37: =WEEKDAY(A37,2) -> 1 | G37: =_xlfn.MINIFS($A$4:$A$1346,$C$4:$C$1346,C37,$C$4:$C$1346,C37) -> 44200 | H37: =_xlfn.MAXIFS($A$4:$A$1346,$C$4:$C$1346,C37,$C$4:$C$1346,C37) -> 44561
A38: 44250 | B38: 3881.3701 | C38: =YEAR(A38) -> 2021 | D38: =MONTH(A38) -> 2 | E38: =_xlfn.ISOWEEKNUM(A38) -> 8 | F38: =WEEKDAY(A38,2) -> 2 | G38: =_xlfn.MINIFS($A$4:$A$1346,$C$4:$C$1346,C38,$C$4:$C$1346,C38) -> 44200 | H38: =_xlfn.MAXIFS($A$4:$A$1346,$C$4:$C$1346,C38,$C$4:$C$1346,C38) -> 44561
A39: 44251 | B39: 3925.4299 | C39: =YEAR(A39) -> 2021 | D39: =MONTH(A39) -> 2 | E39: =_xlfn.ISOWEEKNUM(A39) -> 8 | F39: =WEEKDAY(A39,2) -> 3 | G39: =_xlfn.MINIFS($A$4:$A$1346,$C$4:$C$1346,C39,$C$4:$C$1346,C39) -> 44200 | H39: =_xlfn.MAXIFS($A$4:$A$1346,$C$4:$C$1346,C39,$C$4:$C$1346,C39) -> 44561
... A1346: 46150 | B1346: 7398.9302 | C1346: =YEAR(A1346) -> 2026 | D1346: =MONTH(A1346) -> 5 | E1346: =_xlfn.ISOWEEKNUM(A1346) -> 19 | F1346: =WEEKDAY(A1346,2) -> 5 | G1346: =_xlfn.MINIFS($A$4:$A$1346,$C$4:$C$1346,C1346,$C$4:$C$1346,C1346) -> 46024 | H1346: =_xlfn.MAXIFS($A$4:$A$1346,$C$4:$C$1346,C1346,$C$4:$C$1346,C1346) -> 46150

Sheet Regressione Rend. GG
A1: REGRESSIONE DEI RENDIMENTI GIORNALIERI DI MSFT
A3: Date | B3: Rendimenti giornalieri MSFT | C3: Rendimenti giornalieri S&P500 | D3: Y STIMATO | E3: RESIDUI | G3: Modello di regressione: | H3: Yt=beta0+beta1(Xt)+et
A4: 44200 | B4: 0 | C4: 0
A5: 44201 | B5: 0.00096470015 | C5: 0.0070825952 | D5: =$H$38+$H$39*C5 -> 0.0080948037 | E5: =B5-D5 -> -0.0071301036
A6: 44202 | B6: -0.025929198 | C6: 0.0057098427 | D6: =$H$38+$H$39*C6 -> 0.0065250262 | E6: =B6-D6 -> -0.032454224
A7: 44203 | B7: 0.028456644 | C7: 0.014847404 | D7: =$H$38+$H$39*C7 -> 0.016974061 | E7: =B7-D7 -> 0.011482582
A8: 44204 | B8: 0.0060930483 | C8: 0.0054918627 | D8: =$H$38+$H$39*C8 -> 0.0062757604 | E8: =B8-D8 -> -0.00018271213
A9: 44207 | B9: -0.0096986615 | C9: -0.0065547509 | D9: =$H$38+$H$39*C9 -> -0.0074998508 | E9: =B9-D9 -> -0.0021988106
A10: 44208 | B10: -0.01177055 | C10: 0.00041578845 | D10: =$H$38+$H$39*C10 -> 0.00047113948 | E10: =B10-D10 -> -0.01224169
A11: 44209 | B11: 0.0065602692 | C11: 0.0022756417 | D11: =$H$38+$H$39*C11 -> 0.0025979294 | E11: =B11-D11 -> 0.0039623398
A12: 44210 | B12: -0.015346158 | C12: -0.0037534512 | D12: =$H$38+$H$39*C12 -> -0.0042964929 | E12: =B12-D12 -> -0.011049665
A13: 44211 | B13: -0.0017369827 | C13: -0.007190028 | D13: =$H$38+$H$39*C13 -> -0.0082263065 | E13: =B13-D13 -> 0.0064893237
A14: 44215 | B14: 0.017822854 | C14: 0.0081363795 | D14: =$H$38+$H$39*C14 -> 0.0092998332 | E14: =B14-D14 -> 0.0085230206
A15: 44216 | B15: 0.036499538 | C15: 0.013935625 | D15: =$H$38+$H$39*C15 -> 0.015931419 | E15: =B15-D15 -> 0.020568119
A16: 44217 | B16: 0.0028084541 | C16: 0.00031672331 | D16: =$H$38+$H$39*C16 -> 0.00035785595 | E16: =B16-D16 -> 0.0024505982
... A21: 44224 | B21: 0.025890983 | C21: 0.009760626 | D21: =$H$38+$H$39*C21 -> 0.011157201 | E21: =B21-D21 -> 0.014733783
A22: 44225 | B22: -0.02917165 | C22: -0.019311475 | D22: =$H$38+$H$39*C22 -> -0.022087492 | E22: =B22-D22 -> -0.0070841581 | G22: OUTPUT RIEPILOGO RENDIMENTI GIORNALIERI
A23: 44228 | B23: 0.033152281 | C23: 0.016051768 | D23: =$H$38+$H$39*C23 -> 0.018351282 | E23: =B23-D23 -> 0.014800999
A24: 44229 | B24: -0.00058433374 | C24: 0.013898223 | D24: =$H$38+$H$39*C24 -> 0.015888649 | E24: =B24-D24 -> -0.016472983 | G24: Statistica della regressione
A25: 44230 | B25: 0.014571433 | C25: 0.0010087691 | D25: =$H$38+$H$39*C25 -> 0.001149228 | E25: =B25-D25 -> 0.013422205 | G25: R multiplo | H25: 0.73172093
A26: 44231 | B26: -0.0040740231 | C26: 0.010853322 | D26: =$H$38+$H$39*C26 -> 0.012406727 | E26: =B26-D26 -> -0.01648075 | G26: R al quadrato | H26: 0.53541552
A27: 44232 | B27: 0.00078523466 | C27: 0.0038974952 | D27: =$H$38+$H$39*C27 -> 0.0044525603 | E27: =B27-D27 -> -0.0036673256 | G27: R al quadrato corretto | H27: 0.53506882
A28: 44235 | B28: 0.0011147072 | C28: 0.0073993484 | D28: =$H$38+$H$39*C28 -> 0.0084570192 | E28: =B28-D28 -> -0.007342312 | G28: Errore standard | H28: 0.011265041
A29: 44236 | B29: 0.0053615172 | C29: -0.001113525 | D29: =$H$38+$H$39*C29 -> -0.0012776696 | E29: =B29-D29 -> 0.0066391868 | G29: Osservazioni | H29: 1342
A30: 44237 | B30: -0.0038971071 | C30: -0.00034518493 | D30: =$H$38+$H$39*C30 -> -0.00039905308 | E30: =B30-D30 -> -0.003498054
A31: 44238 | B31: 0.0068773385 | C31: 0.0016624552 | D31: =$H$38+$H$39*C31 -> 0.0018967348 | E31: =B31-D31 -> 0.0049806037 | G31: ANALISI VARIANZA
A32: 44239 | B32: 0.0020450999 | C32: 0.0047110331 | D32: =$H$38+$H$39*C32 -> 0.0053828618 | E32: =B32-D32 -> -0.0033377619 | H32: gdl | I32: SQ | J32: MQ | K32: F | L32: Significatività F
A33: 44243 | B33: -0.0052656424 | C33: -0.00056927242 | D33: =$H$38+$H$39*C33 -> -0.00065530286 | E33: =B33-D33 -> -0.0046103396 | G33: Regressione | H33: 1 | I33: 0.19597317 | J33: 0.19597317 | K33: 1544.2978 | L33: 2.552861e-225
A34: 44244 | B34: 0.0043597702 | C34: -0.00032040201 | D34: =$H$38+$H$39*C34 -> -0.00037071317 | E34: =B34-D34 -> 0.0047304834 | G34: Residuo | H34: 1340 | I34: 0.17004754 | J34: 0.00012690115
A35: 44245 | B35: -0.001679008 | C35: -0.0044158356 | D35: =$H$38+$H$39*C35 -> -0.0050539464 | E35: =B35-D35 -> 0.0033749385 | G35: Totale | H35: 1341 | I35: 0.36602072
A36: 44246 | B36: -0.011567225 | C36: -0.0018548966 | D36: =$H$38+$H$39*C36 -> -0.0021254471 | E36: =B36-D36 -> -0.0094417776
A37: 44249 | B37: -0.026808474 | C37: -0.0077328395 | D37: =$H$38+$H$39*C37 -> -0.0088470253 | E37: =B37-D37 -> -0.017961448 | H37: Coefficienti | I37: Errore standard | J37: Stat t | K37: Valore di significatività | L37: Inferiore 95% | M37: Superiore 95% | N37: Inferiore 95,0% | O37: Superiore 95,0%
A38: 44250 | B38: -0.0052875359 | C38: 0.0012563181 | D38: =$H$38+$H$39*C38 -> 0.0014323067 | E38: =B38-D38 -> -0.0067198426 | G38: Intercetta | H38: -4.3252652e-06 | I38: 0.0003079585 | J38: -0.014044961 | K38: 0.9887962 | L38: -0.0006084585 | M38: 0.00059980797 | N38: -0.0006084585 | O38: 0.00059980797
A39: 44251 | B39: 0.005487293 | C39: 0.011351614 | D39: =$H$38+$H$39*C39 -> 0.012976536 | E39: =B39-D39 -> -0.0074892429 | G39: Variabile X 1 | H39: 1.1435256 | I39: 0.029099154 | J39: 39.297555 | K39: 2.552861e-225 | L39: 1.0864408 | M39: 1.2006105 | N39: 1.0864408 | O39: 1.2006105
A40: 44252 | B40: -0.023705001 | C40: -0.024478808 | D40: =$H$38+$H$39*C40 -> -0.027996469 | E40: =B40-D40 -> 0.0042914675
A41: 44253 | B41: 0.014804243 | C41: -0.0047502142 | D41: =$H$38+$H$39*C41 -> -0.0054363169 | E41: =B41-D41 -> 0.02024056
A42: 44256 | B42: 0.019622976 | C42: 0.023790764 | D42: =$H$38+$H$39*C42 -> 0.027201022 | E42: =B42-D42 -> -0.0075780466
A43: 44257 | B43: -0.012956793 | C43: -0.0080808517 | D43: =$H$38+$H$39*C43 -> -0.0092449862 | E43: =B43-D43 -> -0.0037118066 | G43: Correlazione | H43: Colonna 1 | I43: Colonna 2
A44: 44258 | B44: -0.026980883 | C44: -0.013066222 | D44: =$H$38+$H$39*C44 -> -0.014945885 | E44: =B44-D44 -> -0.012034998 | G44: Colonna 1 | H44: 1
A45: 44259 | B45: -0.0036473805 | C45: -0.013417214 | D45: =$H$38+$H$39*C45 -> -0.015347253 | E45: =B45-D45 -> 0.011699873 | G45: Colonna 2 | H45: 0.73172093 | I45: 1
A46: 44260 | B46: 0.021479267 | C46: 0.019495968 | D46: =$H$38+$H$39*C46 -> 0.022289814 | E46: =B46-D46 -> -0.00081054683
A47: 44263 | B47: -0.01817777 | C47: -0.005359231 | D47: =$H$38+$H$39*C47 -> -0.0061327432 | E47: =B47-D47 -> -0.012045026
A48: 44264 | B48: 0.028101383 | C48: 0.014154642 | D48: =$H$38+$H$39*C48 -> 0.016181871 | E48: =B48-D48 -> 0.011919512 | G48: Covarianza | H48: Colonna 1 | I48: Colonna 2
A49: 44265 | B49: -0.0058175337 | C49: 0.0060303133 | D49: =$H$38+$H$39*C49 -> 0.0068914925 | E49: =B49-D49 -> -0.012709026 | G49: Colonna 1 | H49: =VARP('Regressione Rend. GG'!$B$5:$B$1346) -> 0.00027274271
A50: 44266 | B50: 0.0202652 | C50: 0.010395487 | D50: =$H$38+$H$39*C50 -> 0.01188318 | E50: =B50-D50 -> 0.0083820199 | G50: Colonna 2 | H50: 0.00012770215 | I50: =VARP('Regressione Rend. GG'!$C$5:$C$1346) -> 0.00011167406
A51: 44267 | B51: -0.0058197085 | C51: 0.0010153985 | D51: =$H$38+$H$39*C51 -> 0.0011568089 | E51: =B51-D51 -> -0.0069765175
A52: 44270 | B52: -0.0039873721 | C52: 0.0064919213 | D52: =$H$38+$H$39*C52 -> 0.0074193531 | E52: =B52-D52 -> -0.011406725
A53: 44271 | B53: 0.012350716 | C53: -0.0015696837 | D53: =$H$38+$H$39*C53 -> -0.0017992988 | E53: =B53-D53 -> 0.014150014 | G53: CONCLUSIONI
A54: 44272 | B54: -0.0028187996 | C54: 0.0028793821 | D54: =$H$38+$H$39*C54 -> 0.003288322 | E54: =B54-D54 -> -0.0061071215 | G54: A seguito dei risultati ottenuti dall'analisi dei dati relativi ai rendimenti giornalieri del titolo MSFT e dell'indice S&P500 e sintetizzati nel quadro precedente,
A55: 44273 | B55: -0.02666206 | C55: -0.014760539 | D55: =$H$38+$H$39*C55 -> -0.01688338 | E55: =B55-D55 -> -0.00977868 | G55: possiamo trarrre diverse conclusioni importanti:
A56: 44274 | B56: -0.0016037644 | C56: -0.00060270397 | D56: =$H$38+$H$39*C56 -> -0.0006935327 | E56: =B56-D56 -> -0.0009102317 | G56: 1. Stima dei coefficienti e test d'ipotesi: | H56: Utilizzando il modello di regressione sopra specificato e utilizzato i dati relativi ai rendimenti giornalieri dei due assets, abbiamo
A57: 44277 | B57: 0.024484458 | C57: 0.0070251181 | D57: =$H$38+$H$39*C57 -> 0.0080290772 | E57: =B57-D57 -> 0.016455381 | H57: potuto stimare i coefficienti del modello di regressione utilizzando il metodo dei minimi quadrati. Tuttavia, il coefficiente
A58: 44278 | B58: 0.0067374217 | C58: -0.0076308542 | D58: =$H$38+$H$39*C58 -> -0.0087304025 | E58: =B58-D58 -> 0.015467824 | H58: beta0 non risulta essere significatamente diverso da 0 (t di beta0 < |1,96|) a differenza del coefficiente beta1
A59: 44279 | B59: -0.0089232664 | C59: -0.005467336 | D59: =$H$38+$H$39*C59 -> -0.0062563641 | E59: =B59-D59 -> -0.0026669023 | G59: 2. R^2 della regressione: | H59: Il valore dell'R^2 della regressione indica che il modello riesce a spiegare buona parte della variazione di Y. Tuttavia,
A60: 44280 | B60: -0.013250567 | C60: 0.0052402658 | D60: =$H$38+$H$39*C60 -> 0.005988053 | E60: =B60-D60 -> -0.01923862 | H60: tale valore può essere aumentato migliorando il modello (es. aggiungendo ulteriori variabili esplicative)
A61: 44281 | B61: 0.017818661 | C61: 0.016631203 | D61: =$H$38+$H$39*C61 -> 0.019013881 | E61: =B61-D61 -> -0.0011952198 | G61: 3. Grafico e correlazione: | H61: La linea di tendenza del grafico suggerrisce una correlazione positiva tra i rendimenti dei due assets. Tale ipotesi viene confermata
A62: 44284 | B62: -0.0052434207 | C62: -0.00086801269 | D62: =$H$38+$H$39*C62 -> -0.00099692001 | E62: =B62-D62 -> -0.0042465007 | H62: dal calcolo della correlazione che restituisce un valore considerevole che ci permette di affermare una sostanziale correlazione
A63: 44285 | B63: -0.014410982 | C63: -0.0031578329 | D63: =$H$38+$H$39*C63 -> -0.0036153881 | E63: =B63-D63 -> -0.010795594 | H63: positiva
A64: 44286 | B64: 0.016907696 | C64: 0.003622499 | D64: =$H$38+$H$39*C64 -> 0.0041380952 | E64: =B64-D64 -> 0.012769601
A65: 44287 | B65: 0.027908425 | C65: 0.011825202 | D65: =$H$38+$H$39*C65 -> 0.013518096 | E65: =B65-D65 -> 0.01439033
A66: 44291 | B66: 0.027728501 | C66: 0.014438226 | D66: =$H$38+$H$39*C66 -> 0.016506157 | E66: =B66-D66 -> 0.011222344
A67: 44292 | B67: -0.0048579002 | C67: -0.00097353075 | D67: =$H$38+$H$39*C67 -> -0.0011175826 | E67: =B67-D67 -> -0.0037403176
A68: 44293 | B68: 0.008230463 | C68: 0.0014752328 | D68: =$H$38+$H$39*C68 -> 0.0016826412 | E68: =B68-D68 -> 0.0065478218
A69: 44294 | B69: 0.013405227 | C69: 0.0042206328 | D69: =$H$38+$H$39*C69 -> 0.0048220765 | E69: =B69-D69 -> 0.008583151
A70: 44295 | B70: 0.010266609 | C70: 0.0077199343 | D70: =$H$38+$H$39*C70 -> 0.0088236174 | E70: =B70-D70 -> 0.001442992
A71: 44298 | B71: 0.00023444142 | C71: -0.00019607885 | D71: =$H$38+$H$39*C71 -> -0.00022854645 | E71: =B71-D71 -> 0.00046298787
A72: 44299 | B72: 0.010081601 | C72: 0.0032944868 | D72: =$H$38+$H$39*C72 -> 0.0037630048 | E72: =B72-D72 -> 0.0063185961
A73: 44300 | B73: -0.011219033 | C73: -0.0040877267 | D73: =$H$38+$H$39*C73 -> -0.0046787455 | E73: =B73-D73 -> -0.0065402872
A74: 44301 | B74: 0.015297997 | C74: 0.011094191 | D74: =$H$38+$H$39*C74 -> 0.012682166 | E74: =B74-D74 -> 0.002615831
A75: 44302 | B75: 0.0047782814 | C75: 0.0036088196 | D75: =$H$38+$H$39*C75 -> 0.0041224524 | E75: =B75-D75 -> 0.00065582904
... A1346: 46150 | B1346: -0.013427749 | C1346: 0.0084257035 | D1346: =$H$38+$H$39*C1346 -> 0.0096306826 | E1346: =B1346-D1346 -> -0.023058432

Sheet Previsione Rend. GG
A1: PREVISIONE DEI RENDIMENTI GIORNALIERI DI MSFT
A3: Date | B3: Rendimenti giornalieri MSFT | C3: Rendimenti giornalieri S&P500 | E3: Data | F3: Y e Y predetto | G3: X e X predetto
A4: 44200 | B4: 0 | C4: 0 | E4: 46143 | F4: 0.016332345 | G4: 0.0029283289
A5: 44201 | B5: 0.00096470015 | C5: 0.0070825952 | E5: 46146 | F5: -0.0019785912 | G5: -0.0040621894
A6: 44202 | B6: -0.025929198 | C6: 0.0057098427 | E6: 46147 | F6: -0.0054155753 | G6: 0.0081200173
A7: 44203 | B7: 0.028456644 | C7: 0.014847404 | E7: 46148 | F7: 0.006271541 | G7: 0.01458833
A8: 44204 | B8: 0.0060930483 | C8: 0.0054918627 | E8: 46149 | F8: 0.016450859 | G8: -0.0038030953
A9: 44207 | B9: -0.0096986615 | C9: -0.0065547509 | E9: 46150 | F9: -0.013427749 | G9: 0.0084257035
A10: 44208 | B10: -0.01177055 | C10: 0.00041578845 | E10: 46153 | F10: 0.00097966872 | G10: 0.00086049142
A11: 44209 | B11: 0.0065602692 | C11: 0.0022756417 | E11: 46154 | F11: 0.00098000556 | G11: 0.00086078598
A12: 44210 | B12: -0.015346158 | C12: -0.0037534512 | E12: 46155 | F12: 0.0009803424 | G12: 0.00086108054
A13: 44211 | B13: -0.0017369827 | C13: -0.007190028 | E13: 46156 | F13: 0.00098067924 | G13: 0.00086137511
A14: 44215 | B14: 0.017822854 | C14: 0.0081363795 | E14: 46157 | F14: 0.00098101608 | G14: 0.00086166967
A15: 44216 | B15: 0.036499538 | C15: 0.013935625
A16: 44217 | B16: 0.0028084541 | C16: 0.00031672331
A17: 44218 | B17: 0.004355826 | C17: -0.0030106117 | E17: Data | F17: Y predetto | G17: X predetto | H17: Limite superiore Y | I17: Limite inferiore Y
A18: 44221 | B18: 0.015844323 | C18: 0.0036158389 | E18: 46153 | F18: 0.00097966872 | G18: 0.00086049142 | H18: =F18+1.96*'Rend. GG MSFT'!$G$6 -> 0.0018635995 | I18: =F18-1.96*'Rend. GG MSFT'!$G$6 -> 9.5737938e-05
A19: 44222 | B19: 0.012198887 | C19: -0.0014888337 | E19: 46154 | F19: 0.00098000556 | G19: 0.00086078598 | H19: =F19+1.96*'Rend. GG MSFT'!$G$6 -> 0.0018639363 | I19: =F19-1.96*'Rend. GG MSFT'!$G$6 -> 9.6074777e-05
A20: 44223 | B20: 0.0024533052 | C20: -0.025677884 | E20: 46155 | F20: 0.0009803424 | G20: 0.00086108054 | H20: =F20+1.96*'Rend. GG MSFT'!$G$6 -> 0.0018642732 | I20: =F20-1.96*'Rend. GG MSFT'!$G$6 -> 9.6411617e-05
A21: 44224 | B21: 0.025890983 | C21: 0.009760626 | E21: 46156 | F21: 0.00098067924 | G21: 0.00086137511 | H21: =F21+1.96*'Rend. GG MSFT'!$G$6 -> 0.00186461 | I21: =F21-1.96*'Rend. GG MSFT'!$G$6 -> 9.6748456e-05
A22: 44225 | B22: -0.02917165 | C22: -0.019311475 | E22: 46157 | F22: 0.00098101608 | G22: 0.00086166967 | H22: =F22+1.96*'Rend. GG MSFT'!$G$6 -> 0.0018649469 | I22: =F22-1.96*'Rend. GG MSFT'!$G$6 -> 9.7085295e-05
A23: 44228 | B23: 0.033152281 | C23: 0.016051768
A24: 44229 | B24: -0.00058433374 | C24: 0.013898223
A25: 44230 | B25: 0.014571433 | C25: 0.0010087691
A26: 44231 | B26: -0.0040740231 | C26: 0.010853322
A27: 44232 | B27: 0.00078523466 | C27: 0.0038974952
A28: 44235 | B28: 0.0011147072 | C28: 0.0073993484
A29: 44236 | B29: 0.0053615172 | C29: -0.001113525
A30: 44237 | B30: -0.0038971071 | C30: -0.00034518493
A31: 44238 | B31: 0.0068773385 | C31: 0.0016624552
A32: 44239 | B32: 0.0020450999 | C32: 0.0047110331
A33: 44243 | B33: -0.0052656424 | C33: -0.00056927242
A34: 44244 | B34: 0.0043597702 | C34: -0.00032040201
... A37: 44249 | B37: -0.026808474 | C37: -0.0077328395
A38: 44250 | B38: -0.0052875359 | C38: 0.0012563181 | E38: CONCLUSIONI
A39: 44251 | B39: 0.005487293 | C39: 0.011351614 | E39: I risultati della previsione relativa ai rendimenti giornalieri del titolo MSFT, sintetizzati nel grafico soprastante,
A40: 44252 | B40: -0.023705001 | C40: -0.024478808 | E40: esprimono che i rendimenti del titolo aumenteranno per poi restare pressocché costanti durante tutto
A41: 44253 | B41: 0.014804243 | C41: -0.0047502142 | E41: il periodo della settimana successiva.
A42: 44256 | B42: 0.019622976 | C42: 0.023790764
A43: 44257 | B43: -0.012956793 | C43: -0.0080808517
A44: 44258 | B44: -0.026980883 | C44: -0.013066222
A45: 44259 | B45: -0.0036473805 | C45: -0.013417214
A46: 44260 | B46: 0.021479267 | C46: 0.019495968
A47: 44263 | B47: -0.01817777 | C47: -0.005359231
A48: 44264 | B48: 0.028101383 | C48: 0.014154642
A49: 44265 | B49: -0.0058175337 | C49: 0.0060303133
A50: 44266 | B50: 0.0202652 | C50: 0.010395487
A51: 44267 | B51: -0.0058197085 | C51: 0.0010153985
A52: 44270 | B52: -0.0039873721 | C52: 0.0064919213
A53: 44271 | B53: 0.012350716 | C53: -0.0015696837
... A1346: 46150 | B1346: -0.013427749 | C1346: 0.0084257035
A1347: 46153 | B1347: ='Regressione Rend. GG'!$H$38+'Regressione Rend. GG'!$H$39*'Previsione Rend. GG'!C1347 -> 0.00097966872 | C1347: {=_xlfn.FORECAST.LINEAR(A1347:A1351,C5:C1346,A5:A1346)} -> 0.00086049142
A1348: 46154 | B1348: ='Regressione Rend. GG'!$H$38+'Regressione Rend. GG'!$H$39*'Previsione Rend. GG'!C1348 -> 0.00098000556 | C1348: 0.00086078598
A1349: 46155 | B1349: ='Regressione Rend. GG'!$H$38+'Regressione Rend. GG'!$H$39*'Previsione Rend. GG'!C1349 -> 0.0009803424 | C1349: 0.00086108054
A1350: 46156 | B1350: ='Regressione Rend. GG'!$H$38+'Regressione Rend. GG'!$H$39*'Previsione Rend. GG'!C1350 -> 0.00098067924 | C1350: 0.00086137511
A1351: 46157 | B1351: ='Regressione Rend. GG'!$H$38+'Regressione Rend. GG'!$H$39*'Previsione Rend. GG'!C1351 -> 0.00098101608 | C1351: 0.00086166967

Sheet Regressione Rend. Sett.
A1: REGRESSIONE DEI RENDIMENTI SETTIMANALI DI MSFT
A3: Data fine settimana | B3: Rendimenti settimanali MSFT | C3: Rendimenti settimanali SP500 | E3: Modello di regressione: | F3: Y=beta0+beta1X+et
A4: 44204 | B4: 0 | C4: 0
A5: 44211 | B5: -0.031736627 | C5: -0.014754158
A6: 44218 | B6: 0.062543945 | C6: 0.019430762
A7: 44225 | B7: 0.026598979 | C7: -0.033120129
A8: 44232 | B8: 0.044145621 | C8: 0.046467134
A9: 44239 | B9: 0.011519211 | C9: 0.012349395
A10: 44246 | B10: -0.014143355 | C10: -0.007146463
A11: 44253 | B11: -0.035647515 | C11: -0.024460495
A12: 44260 | B12: -0.0033566499 | C12: 0.008078937
A13: 44267 | B13: 0.017918781 | C13: 0.026392955
A14: 44274 | B14: -0.022905636 | C14: -0.007668623
A15: 44281 | B15: 0.026611587 | C15: 0.015701091
... A19: 44309 | B19: 0.0015726836 | C19: -0.001266355
A20: 44316 | B20: -0.034348152 | C20: 0.000239225 | E20: OUTPUT RIEPILOGO
A21: 44323 | B21: 0.0011103183 | C21: 0.012300427
A22: 44330 | B22: -0.017071989 | C22: -0.013880357 | E22: Statistica della regressione
A23: 44337 | B23: -0.0097275337 | C23: -0.004310225 | E23: R multiplo | F23: 0.72904581
A24: 44344 | B24: 0.018395374 | C24: 0.011610112 | E24: R al quadrato | F24: 0.53150779
A25: 44351 | B25: 0.0044457348 | C25: 0.00613216 | E25: R al quadrato corretto | F25: 0.52981035
A26: 44358 | B26: 0.028310574 | C26: 0.004148998 | E26: Errore standard | F26: 0.025779433
A27: 44365 | B27: 0.0059715014 | C27: -0.019067897 | E27: Osservazioni | F27: 278
A28: 44372 | B28: 0.021547314 | C28: 0.027421425
A29: 44379 | B29: 0.047656517 | C29: 0.016735498 | E29: ANALISI VARIANZA
A30: 44386 | B30: 0.0010446542 | C30: 0.003954186 | F30: gdl | G30: SQ | H30: MQ | I30: F | J30: Significatività F
A31: 44393 | B31: 0.010110047 | C31: -0.009701148 | E31: Regressione | F31: 1 | G31: 0.20809568 | H31: 0.20809568 | I31: 313.12399 | J31: 2.3653671e-47
A32: 44400 | B32: 0.031772059 | C32: 0.019557835 | E32: Residuo | F32: 276 | G32: 0.18342385 | H32: 0.00066457915
A33: 44407 | B33: -0.016432651 | C33: -0.00374684 | E33: Totale | F33: 277 | G33: 0.39151952
A34: 44414 | B34: 0.015970481 | C34: 0.009387444
A35: 44421 | B35: 0.011711417 | C35: 0.007095647 | F35: Coefficienti | G35: Errore standard | H35: Stat t | I35: Valore di significatività | J35: Inferiore 95% | K35: Superiore 95% | L35: Inferiore 95,0% | M35: Superiore 95,0%
A36: 44428 | B36: 0.041292717 | C36: -0.005893034 | E36: Intercetta | F36: 0.00063325307 | G36: 0.0015526562 | H36: 0.40785144 | I36: 0.68369894 | J36: -0.0024233003 | K36: 0.0036898064 | L36: -0.0024233003 | M36: 0.0036898064
A37: 44435 | B37: -0.015244933 | C37: 0.015242059 | E37: Variabile X 1 | F37: 0.8791553 | G37: 0.049682956 | H37: 17.69531 | I37: 2.3653671e-47 | J37: 0.78134962 | K37: 0.97696099 | L37: 0.78134962 | M37: 0.97696099
A38: 44442 | B38: 0.0047375838 | C38: 0.005779091
A39: 44449 | B39: -0.018031426 | C39: -0.01694439 | E39: Covarianza | F39: Colonna 1 | G39: Colonna 2
A40: 44456 | B40: 0.014067593 | C40: -0.00573946 | E40: Colonna 1 | F40: =VARP('Regressione Rend. Sett.'!$B$5:$B$282) -> 0.0014083436
A41: 44463 | B41: -0.0017337251 | C41: 0.005073268 | E41: Colonna 2 | F41: 0.00085143728 | G41: =VARP('Regressione Rend. Sett.'!$C$5:$C$282) -> 0.00096847198
A42: 44470 | B42: -0.034240976 | C42: -0.022094127
A43: 44477 | B43: 0.019889336 | C43: 0.007872272 | E43: Correlazione | F43: Colonna 1 | G43: Colonna 2
A44: 44484 | B44: 0.031744915 | C44: 0.018224568 | E44: Colonna 1 | F44: 1
A45: 44491 | B45: 0.01627164 | C45: 0.016444576 | E45: Colonna 2 | F45: 0.72904581 | G45: 1
A46: 44498 | B46: 0.072648554 | C46: 0.013307219
A47: 44505 | B47: 0.013388675 | C47: 0.020009186 | E47: CONCLUSIONI
A48: 44512 | B48: 0.0019638391 | C48: -0.00312498 | E48: Osservando i KPI dei rendimenti settimanali, possiamo concludere che non vi sono particolari differenze con quelli osservati per i rendimenti giornalieri
A49: 44519 | B49: 0.0208416 | C49: 0.003226638 | E49: E' opportuno, però, sottolineare l'aumento della statistica t per il coefficiente beta0 e la sua riduzione per il coefficiente beta1 (nonostante ciò, i risultati
A50: 44526 | B50: -0.039141907 | C50: -0.021996749 | E50: dei test d'ipotesi non variano). Inoltre, si ha una leggera riduazione dell'R^2 del modello e della corrrelazione tra i due assets.
A51: 44533 | B51: -0.020231853 | C51: -0.012229508
A52: 44540 | B52: 0.060462496 | C52: 0.038248874
A53: 44547 | B53: -0.054708868 | C53: -0.019392932
A54: 44553 | B54: 0.033631831 | C54: 0.022756566
A55: 44561 | B55: 0.0048702075 | C55: 0.008546748
A56: 44568 | B56: -0.066246282 | C56: -0.018704788
A57: 44575 | B57: -0.012227856 | C57: -0.003031772
A58: 44582 | B58: -0.045680361 | C58: -0.056812926
A59: 44589 | B59: 0.041313773 | C59: 0.007710464
A60: 44596 | B60: -0.0075262307 | C60: 0.015496844
A61: 44603 | B61: -0.035627922 | C61: -0.018195557
A62: 44610 | B62: -0.022080613 | C62: -0.01578993
... A282: 46150 | B282: 0.0016407506 | C282: 0.023348168

Sheet Previsione Rend. Sett.
A1: PREVISIONE DEI RENDIMENTI SETTIMANALI DI MSFT
A3: Data fine settimana | B3: Rendimenti settimanali MSFT | C3: Rendimenti settimanali SP500 | E3: Data | F3: Y e Y predetto | G3: X e X predetto
A4: 44204 | B4: 0 | C4: 0 | E4: 46114 | F4: 0.046780847 | G4: 0.033575895
A5: 44211 | B5: -0.031736627 | C5: -0.014754158 | E5: 46122 | F5: -0.006935137 | G5: 0.03557819
A6: 44218 | B6: 0.062543945 | C6: 0.019430762 | E6: 46129 | F6: 0.13999518 | G6: 0.045353514
A7: 44225 | B7: 0.026598979 | C7: -0.033120129 | E7: 46136 | F7: 0.004328358 | G7: 0.005475679
A8: 44232 | B8: 0.044145621 | C8: 0.046467134 | E8: 46143 | F8: -0.02397436 | G8: 0.009077364
A9: 44239 | B9: 0.011519211 | C9: 0.012349395 | E9: 46150 | F9: 0.001640751 | G9: 0.023348168
A10: 44246 | B10: -0.014143355 | C10: -0.007146463 | E10: 46157 | F10: 0.0060930222 | G10: 0.0062102442
A11: 44253 | B11: -0.035647515 | C11: -0.024460495 | E11: 46164 | F11: 0.0061142015 | G11: 0.0062343347
A12: 44260 | B12: -0.00335665 | C12: 0.008078937 | E12: 46171 | F12: 0.0061353808 | G12: 0.0062584253
A13: 44267 | B13: 0.017918781 | C13: 0.026392955 | E13: 46178 | F13: 0.0061565601 | G13: 0.0062825158
A14: 44274 | B14: -0.022905636 | C14: -0.007668623 | E14: 46185 | F14: 0.0061777395 | G14: 0.0063066063
A15: 44281 | B15: 0.026611587 | C15: 0.015701091
A16: 44287 | B16: 0.024822462 | C16: 0.011405113
A17: 44295 | B17: 0.055704699 | C17: 0.027097813 | E17: Data | F17: Y predetto | G17: X Predetto | H17: Limite superiore | I17: Limite inferiore
A18: 44302 | B18: 0.019112507 | C18: 0.013725638 | E18: 46157 | F18: 0.0060930222 | G18: 0.0062102442 | H18: =F18+1.96*'Rend. Settimanali MSFT'!$R$8 -> 0.010512495 | I18: =F18-1.96*'Rend. Settimanali MSFT'!$R$8 -> 0.001673549
A19: 44309 | B19: 0.001572684 | C19: -0.001266355 | E19: 46164 | F19: 0.0061142015 | G19: 0.0062343347 | H19: =F19+1.96*'Rend. Settimanali MSFT'!$R$8 -> 0.010533675 | I19: =F19-1.96*'Rend. Settimanali MSFT'!$R$8 -> 0.0016947283
A20: 44316 | B20: -0.034348152 | C20: 0.000239225 | E20: 46171 | F20: 0.0061353808 | G20: 0.0062584253 | H20: =F20+1.96*'Rend. Settimanali MSFT'!$R$8 -> 0.010554854 | I20: =F20-1.96*'Rend. Settimanali MSFT'!$R$8 -> 0.0017159077
A21: 44323 | B21: 0.001110318 | C21: 0.012300427 | E21: 46178 | F21: 0.0061565601 | G21: 0.0062825158 | H21: =F21+1.96*'Rend. Settimanali MSFT'!$R$8 -> 0.010576033 | I21: =F21-1.96*'Rend. Settimanali MSFT'!$R$8 -> 0.001737087
A22: 44330 | B22: -0.017071989 | C22: -0.013880357 | E22: 46185 | F22: 0.0061777395 | G22: 0.0063066063 | H22: =F22+1.96*'Rend. Settimanali MSFT'!$R$8 -> 0.010597213 | I22: =F22-1.96*'Rend. Settimanali MSFT'!$R$8 -> 0.0017582663
A23: 44337 | B23: -0.009727534 | C23: -0.004310225
A24: 44344 | B24: 0.018395374 | C24: 0.011610112
A25: 44351 | B25: 0.004445735 | C25: 0.00613216
A26: 44358 | B26: 0.028310574 | C26: 0.004148998
A27: 44365 | B27: 0.005971501 | C27: -0.019067897
A28: 44372 | B28: 0.021547314 | C28: 0.027421425
A29: 44379 | B29: 0.047656517 | C29: 0.016735498
A30: 44386 | B30: 0.001044654 | C30: 0.003954186
A31: 44393 | B31: 0.010110047 | C31: -0.009701148
A32: 44400 | B32: 0.031772059 | C32: 0.019557835
A33: 44407 | B33: -0.016432651 | C33: -0.00374684
A34: 44414 | B34: 0.015970481 | C34: 0.009387444
... A43: 44477 | B43: 0.019889336 | C43: 0.007872272
A44: 44484 | B44: 0.031744915 | C44: 0.018224568 | E44: CONCLUSIONI
A45: 44491 | B45: 0.01627164 | C45: 0.016444576 | E45: La previsione dei rendimenti settimanali di MSFT suggerisce che i futuri rendimenti settimanali tenderanno ad aumentare,
A46: 44498 | B46: 0.072648554 | C46: 0.013307219 | E46: anche se in modo estremamente marginale. Bisogna sempre tenere presente che i valori predetti possono oscillare nei
A47: 44505 | B47: 0.013388675 | C47: 0.020009186 | E47: rispettivi limiti inferiore e superiore
A48: 44512 | B48: 0.001963839 | C48: -0.00312498
A49: 44519 | B49: 0.0208416 | C49: 0.003226638
A50: 44526 | B50: -0.039141907 | C50: -0.021996749
A51: 44533 | B51: -0.020231853 | C51: -0.012229508
A52: 44540 | B52: 0.060462496 | C52: 0.038248874
A53: 44547 | B53: -0.054708868 | C53: -0.019392932
A54: 44553 | B54: 0.033631831 | C54: 0.022756566
A55: 44561 | B55: 0.004870207 | C55: 0.008546748
A56: 44568 | B56: -0.066246282 | C56: -0.018704788
A57: 44575 | B57: -0.012227856 | C57: -0.003031772
A58: 44582 | B58: -0.045680361 | C58: -0.056812926
A59: 44589 | B59: 0.041313773 | C59: 0.007710464
... A282: 46150 | B282: 0.001640751 | C282: 0.023348168
A283: =A282+7 -> 46157 | B283: ='Regressione Rend. Sett.'!$F$36+'Regressione Rend. Sett.'!$F$37*'Previsione Rend. Sett.'!C283 -> 0.0060930222 | C283: {=FORECAST(A283:A287,C5:C282,A5:A282)} -> 0.0062102442
A284: =A283+7 -> 46164 | B284: ='Regressione Rend. Sett.'!$F$36+'Regressione Rend. Sett.'!$F$37*'Previsione Rend. Sett.'!C284 -> 0.0061142015 | C284: 0.0062343347
A285: =A284+7 -> 46171 | B285: ='Regressione Rend. Sett.'!$F$36+'Regressione Rend. Sett.'!$F$37*'Previsione Rend. Sett.'!C285 -> 0.0061353808 | C285: 0.0062584253
A286: =A285+7 -> 46178 | B286: ='Regressione Rend. Sett.'!$F$36+'Regressione Rend. Sett.'!$F$37*'Previsione Rend. Sett.'!C286 -> 0.0061565601 | C286: 0.0062825158
A287: =A286+7 -> 46185 | B287: ='Regressione Rend. Sett.'!$F$36+'Regressione Rend. Sett.'!$F$37*'Previsione Rend. Sett.'!C287 -> 0.0061777395 | C287: 0.0063066063

Sheet Regressione Rend. Mens.
A1: REGRESSIONE DEI RENDIMENTI MENSILI DI MSFT
A3: Data fine mese | B3: Rendimenti mensili MSFT | C3: Rendimenti mensili S&P500 | E3: Modello di regressione: | F3: beta0+beta1X+et
A4: 44225 | B4: 0 | C4: 0
A5: 44253 | B5: 0.0041180619 | C5: 0.026091451
A6: 44286 | B6: 0.014588138 | C6: 0.042438633
A7: 44316 | B7: 0.069601638 | C7: 0.052425321
A8: 44344 | B8: -0.007627385 | C8: 0.0054864887
A9: 44377 | B9: 0.084989054 | C9: 0.02221401
A10: 44407 | B10: 0.05171608 | C10: 0.022748055
A11: 44439 | B11: 0.061591595 | C11: 0.028990416
A12: 44469 | B12: -0.066119106 | C12: -0.047569169
A13: 44498 | B13: 0.17629106 | C13: 0.069143836
A14: 44530 | B14: -0.0012820925 | C14: -0.0083337062
A15: 44561 | B15: 0.017332524 | C15: 0.043612913
... A19: 44680 | B19: -0.0998669 | C19: -0.087956712
A20: 44712 | B20: -0.018077325 | C20: 5.3177705e-05 | E20: OUTPUT RIEPILOGO
A21: 44742 | B21: -0.055320575 | C21: -0.08392
A22: 44771 | B22: 0.093096658 | C22: 0.091116392 | E22: Statistica della regressione
A23: 44804 | B23: -0.066663285 | C23: -0.042440128 | E23: R multiplo | F23: 0.72223178
A24: 44834 | B24: -0.10926679 | C24: -0.093395672 | E24: R al quadrato | F24: 0.52161874
A25: 44865 | B25: -0.0033061426 | C25: 0.079863414 | E25: R al quadrato corretto | F25: 0.51390292
A26: 44895 | B26: 0.10222297 | C26: 0.053752893 | E26: Errore standard | F26: 0.046658253
A27: 44925 | B27: -0.060045337 | C27: -0.058971474 | E27: Osservazioni | F27: 64
A28: 44957 | B28: 0.033316661 | C28: 0.061752858
A29: 44985 | B29: 0.0090177453 | C29: -0.026112494 | E29: ANALISI VARIANZA
A30: 45016 | B30: 0.15588147 | C30: 0.035051613 | F30: gdl | G30: SQ | H30: MQ | I30: F | J30: Significatività F
A31: 45044 | B31: 0.065765115 | C31: 0.014642342 | E31: Regressione | F31: 1 | G31: 0.14717284 | H31: 0.14717284 | I31: 67.60374 | J31: 1.6303986e-11
A32: 45077 | B32: 0.071105372 | C32: 0.0024823474 | E32: Residuo | F32: 62 | G32: 0.13497354 | H32: 0.0021769926
A33: 45107 | B33: 0.03699879 | C33: 0.064727465 | E33: Totale | F33: 63 | G33: 0.28214638
A34: 45138 | B34: -0.013566668 | C34: 0.031138932
A35: 45169 | B35: -0.022225654 | C35: -0.01771639 | F35: Coefficienti | G35: Errore standard | H35: Stat t | I35: Valore di significatività | J35: Inferiore 95% | K35: Superiore 95% | L35: Inferiore 95,0% | M35: Superiore 95,0%
A36: 45198 | B36: -0.036642897 | C36: -0.048719367 | E36: Intercetta | F36: -0.00084762855 | G36: 0.0060373687 | H36: -0.14039702 | I36: 0.88880145 | J36: -0.012916157 | K36: 0.0112209 | L36: -0.012916157 | M36: 0.0112209
A37: 45230 | B37: 0.070815664 | C37: -0.021979689 | E37: Variabile X 1 | F37: 1.0871166 | G37: 0.13221805 | H37: 8.2221494 | I37: 1.6303986e-11 | J37: 0.82281646 | K37: 1.3514167 | L37: 0.82281646 | M37: 1.3514167
A38: 45260 | B38: 0.12294525 | C38: 0.089179269
A39: 45289 | B39: -0.0075741494 | C39: 0.044229231 | E39: Covarianza | F39: Colonna 1 | G39: Colonna 2
A40: 45322 | B40: 0.05728098 | C40: 0.015895708 | E40: Colonna 1 | F40: =VARP('Regressione Rend. Mens.'!$B$5:$B$68) -> 0.0044085372
A41: 45351 | B41: 0.042318516 | C41: 0.051720641 | E41: Colonna 2 | F41: 0.0021152981 | G41: =VARP('Regressione Rend. Mens.'!$C$5:$C$68) -> 0.0019457877
A42: 45379 | B42: 0.017116151 | C42: 0.03101878
A43: 45412 | B43: -0.074610073 | C43: -0.041615072 | E43: Correlazione | F43: Colonna 1 | G43: Colonna 2
A44: 45443 | B44: 0.068190967 | C44: 0.04802119 | E44: Colonna 1 | F44: 1
A45: 45471 | B45: 0.076650592 | C45: 0.034669801 | E45: Colonna 2 | F45: 0.72223178 | G45: 1
A46: 45504 | B46: -0.063989205 | C46: 0.011321317
A47: 45534 | B47: -0.0010951809 | C47: 0.022834707 | E47: CONCLUSIONI
A48: 45565 | B48: 0.031548155 | C48: 0.020196884 | E48: I risultati dell'analisi continuano sulla stessa linea di quelli estratti dall'analisi dei dati mensili: la bontà di adattamento del modello ai dati
A49: 45596 | B49: -0.055658778 | C49: -0.0098967433 | E49: diminuisce, la statistica t di beta0 aumenta ma non abbastanza per concludere che esso sia diverso da 0 e quella di beta1 diminuisce ma ci
A50: 45625 | B50: 0.044192425 | C50: 0.057301295 | E50: permette di non rifiutare H0, la correlazione tra i rendimenti è sempre elevata e positiva.
A51: 45657 | B51: -0.0046284792 | C51: -0.024990137
A52: 45688 | B52: -0.015278796 | C52: 0.027016304
A53: 45716 | B53: -0.041618085 | C53: -0.014242093
A54: 45747 | B54: -0.054409401 | C54: -0.057544698
A55: 45777 | B55: 0.052931662 | C55: -0.0076249433
A56: 45807 | B56: 0.16683981 | C56: 0.061523826
A57: 45838 | B57: 0.080480594 | C57: 0.049606839
A58: 45869 | B58: 0.072555838 | C58: 0.021666563
A59: 45898 | B59: -0.048691766 | C59: 0.019066444
A60: 45930 | B60: 0.022222676 | C60: 0.035323687
A61: 45961 | B61: -0.00027038377 | C61: 0.022686872
A62: 45989 | B62: -0.048046757 | C62: 0.0012996182
... A68: 46150 | B68: 0.017999893 | C68: 0.026344868

Sheet Previsione Rend. Mens.
A1: PREVISIONE DEI RENDIMENTI MENSILI DI MSFT
A3: Data fine mese | B3: Rendimenti mensili MSFT | C3: Rendimenti mensili S&P500 | E3: Data | F3: Y e Y predetto | G3: X e X predetto
A4: 44225 | B4: 0 | C4: 0 | E4: 46052 | F4: -0.11027253 | G4: 0.013662959
A5: 44253 | B5: 0.0041180619 | C5: 0.026091451 | E5: 46080 | F5: -0.085183479 | G5: -0.0086683447
A6: 44286 | B6: 0.014588138 | C6: 0.042438633 | E6: 46112 | F6: -0.057467987 | G6: -0.050932691
A7: 44316 | B7: 0.069601638 | C7: 0.052425321 | E7: 46142 | F7: 0.10160192 | G7: 0.10423339
A8: 44344 | B8: -0.007627385 | C8: 0.0054864887 | E8: 46150 | F8: 0.017999893 | G8: 0.026344868
A9: 44377 | B9: 0.084989054 | C9: 0.02221401 | E9: 46173 | F9: 0.017627491 | G9: 0.016994607
A10: 44407 | B10: 0.05171608 | C10: 0.022748055 | E10: 46203 | F10: 0.017804082 | G10: 0.017157047
A11: 44439 | B11: 0.061591595 | C11: 0.028990416 | E11: 46234 | F11: 0.01798656 | G11: 0.017324902
A12: 44469 | B12: -0.066119106 | C12: -0.047569169 | E12: 46265 | F12: 0.018169037 | G12: 0.017492756
A13: 44498 | B13: 0.17629106 | C13: 0.069143836 | E13: 46295 | F13: 0.018345628 | G13: 0.017655197
A14: 44530 | B14: -0.0012820925 | C14: -0.0083337062
A15: 44561 | B15: 0.017332524 | C15: 0.043612913 | E15: Data | F15: Y predetto | G15: X Predetto | H15: Limite superiore Y | I15: Limite inferiore Y
A16: 44592 | B16: -0.075344978 | C16: -0.052585165 | E16: 46173 | F16: 0.017627491 | G16: 0.016994607 | H16: =F16+1.96*'Rend. Mensili MSFT'!$R$7 -> 0.034023307 | I16: =F16-1.96*'Rend. Mensili MSFT'!$R$7 -> 0.001231674
A17: 44620 | B17: -0.037211756 | C17: -0.031360492 | E17: 46203 | F17: 0.017804082 | G17: 0.017157047 | H17: =F17+1.96*'Rend. Mensili MSFT'!$R$7 -> 0.034199898 | I17: =F17-1.96*'Rend. Mensili MSFT'!$R$7 -> 0.0014082653
A18: 44651 | B18: 0.031861717 | C18: 0.035773288 | E18: 46234 | F18: 0.01798656 | G18: 0.017324902 | H18: =F18+1.96*'Rend. Mensili MSFT'!$R$7 -> 0.034382376 | I18: =F18-1.96*'Rend. Mensili MSFT'!$R$7 -> 0.0015907429
A19: 44680 | B19: -0.0998669 | C19: -0.087956712 | E19: 46265 | F19: 0.018169037 | G19: 0.017492756 | H19: =F19+1.96*'Rend. Mensili MSFT'!$R$7 -> 0.034564854 | I19: =F19-1.96*'Rend. Mensili MSFT'!$R$7 -> 0.0017732206
A20: 44712 | B20: -0.018077325 | C20: 5.3177705e-05 | E20: 46295 | F20: 0.018345628 | G20: 0.017655197 | H20: =F20+1.96*'Rend. Mensili MSFT'!$R$7 -> 0.034741445 | I20: =F20-1.96*'Rend. Mensili MSFT'!$R$7 -> 0.0019498118
A21: 44742 | B21: -0.055320575 | C21: -0.08392
A22: 44771 | B22: 0.093096658 | C22: 0.091116392
A23: 44804 | B23: -0.066663285 | C23: -0.042440128
A24: 44834 | B24: -0.10926679 | C24: -0.093395672
A25: 44865 | B25: -0.0033061426 | C25: 0.079863414
A26: 44895 | B26: 0.10222297 | C26: 0.053752893
A27: 44925 | B27: -0.060045337 | C27: -0.058971474
A28: 44957 | B28: 0.033316661 | C28: 0.061752858
A29: 44985 | B29: 0.0090177453 | C29: -0.026112494
A30: 45016 | B30: 0.15588147 | C30: 0.035051613
A31: 45044 | B31: 0.065765115 | C31: 0.014642342
A32: 45077 | B32: 0.071105372 | C32: 0.0024823474
... A39: 45289 | B39: -0.0075741494 | C39: 0.044229231
A40: 45322 | B40: 0.05728098 | C40: 0.015895708 | E40: CONCLUSIONI
A41: 45351 | B41: 0.042318516 | C41: 0.051720641 | E41: A differenza delle previsioni relative ai rendimenti giornalieri e settimanali, quelle dei renidmenti mensili prima
A42: 45379 | B42: 0.017116151 | C42: 0.03101878 | E42: diminuiranno per poi aumentare piano piano nei mesi successivi.
A43: 45412 | B43: -0.074610073 | C43: -0.041615072
A44: 45443 | B44: 0.068190967 | C44: 0.04802119
A45: 45471 | B45: 0.076650592 | C45: 0.034669801
A46: 45504 | B46: -0.063989205 | C46: 0.011321317
A47: 45534 | B47: -0.0010951809 | C47: 0.022834707
A48: 45565 | B48: 0.031548155 | C48: 0.020196884
A49: 45596 | B49: -0.055658778 | C49: -0.0098967433
A50: 45625 | B50: 0.044192425 | C50: 0.057301295
A51: 45657 | B51: -0.0046284792 | C51: -0.024990137
A52: 45688 | B52: -0.015278796 | C52: 0.027016304
A53: 45716 | B53: -0.041618085 | C53: -0.014242093
A54: 45747 | B54: -0.054409401 | C54: -0.057544698
... A68: 46150 | B68: 0.017999893 | C68: 0.026344868
A69: 46173 | B69: ='Regressione Rend. Mens.'!$F$36+'Regressione Rend. Mens.'!$F$37*'Previsione Rend. Mens.'!C69 -> 0.017627491 | C69: {=_xlfn.FORECAST.LINEAR(A69:A73,C5:C68,A5:A68)} -> 0.016994607
A70: 46203 | B70: ='Regressione Rend. Mens.'!$F$36+'Regressione Rend. Mens.'!$F$37*'Previsione Rend. Mens.'!C70 -> 0.017804082 | C70: 0.017157047
A71: 46234 | B71: ='Regressione Rend. Mens.'!$F$36+'Regressione Rend. Mens.'!$F$37*'Previsione Rend. Mens.'!C71 -> 0.01798656 | C71: 0.017324902
A72: 46265 | B72: ='Regressione Rend. Mens.'!$F$36+'Regressione Rend. Mens.'!$F$37*'Previsione Rend. Mens.'!C72 -> 0.018169037 | C72: 0.017492756
A73: 46295 | B73: ='Regressione Rend. Mens.'!$F$36+'Regressione Rend. Mens.'!$F$37*'Previsione Rend. Mens.'!C73 -> 0.018345628 | C73: 0.017655197

Sheet Regressione Rend. Annuali
A1: REGRESSIONE DEI RENDIMENTI ANNUALI DI MSFT
A3: Data fine anno | B3: Rendimenti annuali MSFT | C3: Rendimenti annuali S&P500
A4: 44561 | B4: 0 | C4: 0
A5: 44925 | B5: -0.28024747 | C5: -0.19442827
A6: 45289 | B6: 0.58191277 | C6: 0.24230501
A7: 45657 | B7: 0.12927326 | C7: 0.23309002
A8: 46022 | B8: 0.15584235 | C8: 0.16387806
A9: 46150 | B9: -0.13968098 | C9: 0.080845837
A12: Modello di regressione: | B12: beta0+beta1X+et
A37: OUTPUT RIEPILOGO
A39: Statistica della regressione
A40: R multiplo | B40: 0.81174432
A41: R al quadrato | B41: 0.65892884
A42: R al quadrato corretto | B42: 0.54523845
A43: Errore standard | B43: 0.22307223
A44: Osservazioni | B44: 5
A46: ANALISI VARIANZA
B47: gdl | C47: SQ | D47: MQ | E47: F | F47: Significatività F
A48: Regressione | B48: 1 | C48: 0.28840698 | D48: 0.28840698 | E48: 5.7958184 | F48: 0.095234742
A49: Residuo | B49: 3 | C49: 0.14928365 | D49: 0.049761218
A50: Totale | B50: 4 | C50: 0.43769063
B52: Coefficienti | C52: Errore standard | D52: Stat t | E52: Valore di significatività | F52: Inferiore 95% | G52: Superiore 95% | H52: Inferiore 95,0% | I52: Superiore 95,0%
A53: Intercetta | B53: -0.067805848 | C53: 0.11923666 | D53: -0.56866611 | E53: 0.60936768 | F53: -0.44727012 | G53: 0.31165842 | H53: -0.44727012 | I53: 0.31165842
A54: Variabile X 1 | B54: 1.4954216 | C54: 0.62116398 | D54: 2.4074506 | E54: 0.095234742 | F54: -0.48139942 | G54: 3.4722426 | H54: -0.48139942 | I54: 3.4722426
A56: Covarianza | B56: Colonna 1 | C56: Colonna 2
A57: Colonna 1 | B57: =VARP('Regressione Rend. Annuali'!$B$5:$B$9) -> 0.087538127
A58: Colonna 2 | B58: 0.038571996 | C58: =VARP('Regressione Rend. Annuali'!$C$5:$C$9) -> 0.025793393
A60: Correlazione | B60: Colonna 1 | C60: Colonna 2
A61: Colonna 1 | B61: 1
A62: Colonna 2 | B62: 0.81174432 | C62: 1
A65: CONCLUSIONI
A66: Osservando i consueti KPI, nel caso specifico dei rendimenti annuali del titolo MSFT, notiamo un R^2 e una correlazione tra i due asset più elevati rispetto a quelle analizzate negli altri periodi.
A67: Le interpretazioni suoi coefficienti e le relative statistiche t non variano.

Sheet Previsione Rend. Annuali
A1: PREVISIONE DEI RENDIMENTI ANNNUALI DI MSFT
A3: Data fine anno | B3: Rendimenti annuali MSFT | C3: Rendimenti annuali S&P500
A4: 44561 | B4: 0 | C4: 0
A5: 44925 | B5: -0.28024747 | C5: -0.19442827
A6: 45289 | B6: 0.58191277 | C6: 0.24230501
A7: 45657 | B7: 0.12927326 | C7: 0.23309002
A8: 46022 | B8: 0.15584235 | C8: 0.16387806
A9: 46150 | B9: -0.13968098 | C9: 0.080845837
A10: 46387 | B10: ='Regressione Rend. Annuali'!$B$53+'Regressione Rend. Annuali'!$B$54*'Previsione Rend. Annuali'!C10 -> 0.28975781 | C10: {=_xlfn.FORECAST.LINEAR(A10:A14,C5:C9,A5:A9)} -> 0.23910559
A11: 46752 | B11: ='Regressione Rend. Annuali'!$B$53+'Regressione Rend. Annuali'!$B$54*'Previsione Rend. Annuali'!C11 -> 0.38369834 | C11: 0.30192435
A12: 47118 | B12: ='Regressione Rend. Annuali'!$B$53+'Regressione Rend. Annuali'!$B$54*'Previsione Rend. Annuali'!C12 -> 0.47789623 | C12: 0.36491521
A13: 47483 | B13: ='Regressione Rend. Annuali'!$B$53+'Regressione Rend. Annuali'!$B$54*'Previsione Rend. Annuali'!C13 -> 0.57183676 | C13: 0.42773397
A14: 47848 | B14: ='Regressione Rend. Annuali'!$B$53+'Regressione Rend. Annuali'!$B$54*'Previsione Rend. Annuali'!C14 -> 0.66577729 | C14: 0.49055273
A19: Data | B19: Y Predetto | C19: X Predetto | D19: t | E19: Limite superiore | F19: Limite inferiore
A20: 46387 | B20: 0.28975781 | C20: 0.23910559 | D20: =_xlfn.T.INV.2T(0.95,4) -> 0.066728495 | E20: =B20+D20*'Rend. Annuali MSFT'!$M$15 -> 0.29962924 | F20: =B20-D20*'Rend. Annuali MSFT'!$M$15 -> 0.27988638
A21: 46752 | B21: 0.38369834 | C21: 0.30192435 | D21: =_xlfn.T.INV.2T(0.95,4) -> 0.066728495 | E21: =B21+D21*'Rend. Annuali MSFT'!$M$15 -> 0.39356976 | F21: =B21-D21*'Rend. Annuali MSFT'!$M$15 -> 0.37382691
A22: 47118 | B22: 0.47789623 | C22: 0.36491521 | D22: =_xlfn.T.INV.2T(0.95,4) -> 0.066728495 | E22: =B22+D22*'Rend. Annuali MSFT'!$M$15 -> 0.48776766 | F22: =B22-D22*'Rend. Annuali MSFT'!$M$15 -> 0.46802481
A23: 47483 | B23: 0.57183676 | C23: 0.42773397 | D23: =_xlfn.T.INV.2T(0.95,4) -> 0.066728495 | E23: =B23+D23*'Rend. Annuali MSFT'!$M$15 -> 0.58170819 | F23: =B23-D23*'Rend. Annuali MSFT'!$M$15 -> 0.56196533
A24: 47848 | B24: 0.66577729 | C24: 0.49055273 | D24: =_xlfn.T.INV.2T(0.95,4) -> 0.066728495 | E24: =B24+D24*'Rend. Annuali MSFT'!$M$15 -> 0.67564871 | F24: =B24-D24*'Rend. Annuali MSFT'!$M$15 -> 0.65590586
A27: CONCLUSIONI
A28: A seguito del calcolo dei valori predetti dei rendimenti di MSFT, possiamo notare che questi aumenteranno
A29: nell'anno successivo e tenderanno a crescere negli anni seguenti.

Sheet REPORT FINALE
A1: REPORT FINALE
A3: Origine dei dati e pre-processing
A4: Nel presente documento sono stati analizzati i dati relativi ai rendimenti degli ultimi 5 anni del titolo Microsoft (MSFT) e dell'indice S&P 500 (^GSPC).
A5: La fonte dei dati è Yahoo Finance. I dati storici relativi ai prezzi del titolo e dell'indice sono stati estratti utilizzando Python ed importati in excel. Successivamente sono stati eliminati i dati
A6: precedenti al 2021 e quelli di interesse sono stati lavorati nella fase di pre-processing al fine di ottenere i rendimenti giornalieri, settimanali, mensili ed annuali di entrrarmbi gli assets.
A8: Risultati dell'analisi
A9: Passiamo adesso ad esporre e confrontare i risultati dell'analisi dei dati.
C11: MEDIA | F11: Volatilià | H11: Correlazione
D12: MSFT | E12: S&P500 | F12: MSFT | G12: S&P500 | H12: MSFT/S&P500
C13: Giornaliera | D13: ='Rend. GG MSFT'!G5 -> 0.00064997512 | E13: ='Rend. GG SP500'!G6 -> 0.00057217816 | F13: ='Rend. GG MSFT'!G9 -> 0.01652108 | G13: ='Rend. GG SP500'!G10 -> 0.010571534 | H13: ='Regressione Rend. GG'!H45 -> 0.73172093
C14: Settimanale | D14: ='Rend. Settimanali MSFT'!R7 -> 0.0031462875 | E14: ='Rend. Settimanali SP500'!R6 -> 0.0028584647 | F14: ='Rend. Settimanali MSFT'!R11 -> 0.037595583 | G14: ='Rend. Settimanali SP500'!R10 -> 0.031176406 | H14: ='Regressione Rend. Sett.'!F45 -> 0.72904581
C15: Mensile | D15: ='Rend. Mensili MSFT'!R6 -> 0.011980801 | E15: ='Rend. Mensili SP500'!R5 -> 0.011800418 | F15: ='Rend. Mensili MSFT'!R10 -> 0.0669217 | G15: ='Rend. Mensili SP500'!R9 -> 0.044459793 | H15: ='Regressione Rend. Mens.'!F45 -> 0.72223178
C16: Annnuale | D16: ='Rend. Annuali MSFT'!M14 -> 0.089419984 | E16: ='Rend. Annuali SP500'!M14 -> 0.10513813 | F16: ='Rend. Annuali MSFT'!M18 -> 0.33079096 | G16: ='Rend. Annuali SP500'!M18 -> 0.17955985 | H16: ='Regressione Rend. Annuali'!B62 -> 0.81174432
A18: Un primo risultato fondamentale che esprime la presente tabella è che entrambi gli assets hanno una media positiva che aumenta all'aumentare della distanza temporale. Ci si aspetta,
A19: dunque, che entrambi gli assets generino, in media, dei rendimenti positivi e che questi tendano ad aumentare nel lungo periodo.
A20: Tuttavia, i maggiori rendimenti sono anche caratterizzati da una più elevata volatilità. Quest'ultima aumenta, anch'essa, con l'aumentare della distanza temporale.
A21: Confrontando i valori dei parametri degli assets è possibile affermare che il titolo MSFT renda di più rispetto all'indice S&P500 nel breve periodo (giorni, settimane e mesi) ma non nel
A22: lungo periodo (anni). In relazione alla volatilità, il titolo MSFT risulta essere più rischioso rispetto all'indice S&P500.
A23: Infine, è bene sottolineare che i due assets sono caratterizzati da una elevata correlazione positiva e ciò significa che sono concordanti: se uno aumenta, l'altro aumenta e viceversa.
A25: Attraverso un modello di regressione statico che ci permette di stimare l'effetto contemporaneo di una variazione del rendimento di S&P500 sul rendimento di MSFT abbiamo ottenuto
A26: i seguenti risultati:
E56: Modello di regressione: | F56: Y=beta0+beta1X+et
D58: stima di beta0 | E58: statistica t (beta0) | F58: stima di beta1 | G58: statistica t (beta1) | H58: R^2
C59: Giornaliero | D59: ='Regressione Rend. GG'!H38 -> -4.3252652e-06 | E59: ='Regressione Rend. GG'!J38 -> -0.014044961 | F59: ='Regressione Rend. GG'!H39 -> 1.1435256 | G59: ='Regressione Rend. GG'!J39 -> 39.297555 | H59: ='Regressione Rend. GG'!H26 -> 0.53541552
C60: Settimanale | D60: ='Regressione Rend. Sett.'!F36 -> 0.00063325307 | E60: ='Regressione Rend. Sett.'!H36 -> 0.40785144 | F60: ='Regressione Rend. Sett.'!F37 -> 0.8791553 | G60: ='Regressione Rend. Sett.'!H37 -> 17.69531 | H60: ='Regressione Rend. Sett.'!F24 -> 0.53150779
C61: Mensile | D61: ='Regressione Rend. Mens.'!F36 -> -0.00084762855 | E61: ='Regressione Rend. Mens.'!H36 -> -0.14039702 | F61: ='Regressione Rend. Mens.'!F37 -> 1.0871166 | G61: ='Regressione Rend. Mens.'!H37 -> 8.2221494 | H61: ='Regressione Rend. Mens.'!F24 -> 0.52161874
C62: Annuale | D62: ='Regressione Rend. Annuali'!B53 -> -0.067805848 | E62: ='Regressione Rend. Annuali'!D53 -> -0.56866611 | F62: ='Regressione Rend. Annuali'!B54 -> 1.4954216 | G62: ='Regressione Rend. Annuali'!D54 -> 2.4074506 | H62: ='Regressione Rend. Annuali'!B41 -> 0.65892884
A64: Osservando i valori della stima dell'intercetta (beta0), questi risultano essere, in valore assoluto, molto vicini a 0 in ogni periodo. Tuttavia, per ognuno di essi non vi è evidenza statistica che sia diverso
A65: da 0 ad un livello di significatività del 95%. Le stime di beta1, invece, sono tutte signficativamente diverse da 0 e positive. Quest'ultimo risultato è indice del fatto che per ogni variazione unitaria
A66: dell'S&P500 al tempo t il titolo MSFT aumenta contemporaneamente di una quantità pari alla stima di beta1. Tale risultato conferma la correlazione positiva tra i due assets.
A67: Per quanto concerne la bontà di adattamento del modello ai dati, i valori dell'R^2 indicano che i modelli di breve periodo sono meno affidabili rispetto al modello relativo ai rendimenti annuali.
A69: Concludiamo la nostra analisi osservando i risultati delle previsioni dei rendimenti del titolo MSFT per i diversi periodi di interesse:
E97: Modello di regressione: | F97: Y^=beta0^+beta1^(X^)
A99: PREVISIONE RENDIMENTI MSFT GIORNALIERI | G99: PREVISIONE RENDIMENTI MSFT SETTIMANALI
A100: Data | B100: Y predetto | C100: X predetto | D100: Limite superiore Y | E100: Limite inferiore Y | G100: Data | H100: Y predetto | I100: X Predetto | J100: Limite superiore | K100: Limite inferiore
A101: 46153 | B101: 0.00097966872 | C101: 0.00086049142 | D101: =B101+1.96*'Rend. GG MSFT'!$G$6 -> 0.0018635995 | E101: =B101-1.96*'Rend. GG MSFT'!$G$6 -> 9.5737938e-05 | G101: 46157 | H101: 0.0060930222 | I101: 0.0062102442 | J101: =H101+1.96*'Rend. Settimanali MSFT'!$R$8 -> 0.010512495 | K101: =H101-1.96*'Rend. Settimanali MSFT'!$R$8 -> 0.001673549
A102: 46154 | B102: 0.00098000556 | C102: 0.00086078598 | D102: =B102+1.96*'Rend. GG MSFT'!$G$6 -> 0.0018639363 | E102: =B102-1.96*'Rend. GG MSFT'!$G$6 -> 9.6074777e-05 | G102: 46164 | H102: 0.0061142015 | I102: 0.0062343347 | J102: =H102+1.96*'Rend. Settimanali MSFT'!$R$8 -> 0.010533675 | K102: =H102-1.96*'Rend. Settimanali MSFT'!$R$8 -> 0.0016947283
A103: 46155 | B103: 0.0009803424 | C103: 0.00086108054 | D103: =B103+1.96*'Rend. GG MSFT'!$G$6 -> 0.0018642732 | E103: =B103-1.96*'Rend. GG MSFT'!$G$6 -> 9.6411617e-05 | G103: 46171 | H103: 0.0061353808 | I103: 0.0062584253 | J103: =H103+1.96*'Rend. Settimanali MSFT'!$R$8 -> 0.010554854 | K103: =H103-1.96*'Rend. Settimanali MSFT'!$R$8 -> 0.0017159077
A104: 46156 | B104: 0.00098067924 | C104: 0.00086137511 | D104: =B104+1.96*'Rend. GG MSFT'!$G$6 -> 0.00186461 | E104: =B104-1.96*'Rend. GG MSFT'!$G$6 -> 9.6748456e-05 | G104: 46178 | H104: 0.0061565601 | I104: 0.0062825158 | J104: =H104+1.96*'Rend. Settimanali MSFT'!$R$8 -> 0.010576033 | K104: =H104-1.96*'Rend. Settimanali MSFT'!$R$8 -> 0.001737087
A105: 46157 | B105: 0.00098101608 | C105: 0.00086166967 | D105: =B105+1.96*'Rend. GG MSFT'!$G$6 -> 0.0018649469 | E105: =B105-1.96*'Rend. GG MSFT'!$G$6 -> 9.7085295e-05 | G105: 46185 | H105: 0.0061777395 | I105: 0.0063066063 | J105: =H105+1.96*'Rend. Settimanali MSFT'!$R$8 -> 0.010597213 | K105: =H105-1.96*'Rend. Settimanali MSFT'!$R$8 -> 0.0017582663
A107: PREVISIONE RENDIMENTI MSFT MENSILI | G107: PREVISIONE RENDIMENTI MSFT ANNUALI
A108: Data | B108: Y predetto | C108: X Predetto | D108: Limite superiore Y | E108: Limite inferiore Y | G108: Data | H108: Y predetto | I108: X Predetto | J108: Limite superiore Y | K108: Limite inferiore Y
A109: 46173 | B109: 0.017627491 | C109: 0.016994607 | D109: =B109+1.96*'Rend. Mensili MSFT'!$R$7 -> 0.034023307 | E109: =B109-1.96*'Rend. Mensili MSFT'!$R$7 -> 0.001231674 | G109: 46387 | H109: 0.28975781 | I109: 0.23910559 | J109: =H109+$H$114*'Rend. Annuali MSFT'!$M$15 -> 0.29962924 | K109: =H109-$H$114*'Rend. Annuali MSFT'!$M$15 -> 0.27988638
A110: 46203 | B110: 0.017804082 | C110: 0.017157047 | D110: =B110+1.96*'Rend. Mensili MSFT'!$R$7 -> 0.034199898 | E110: =B110-1.96*'Rend. Mensili MSFT'!$R$7 -> 0.0014082653 | G110: 46752 | H110: 0.38369834 | I110: 0.30192435 | J110: =H110+$H$114*'Rend. Annuali MSFT'!$M$15 -> 0.39356976 | K110: =H110-$H$114*'Rend. Annuali MSFT'!$M$15 -> 0.37382691
A111: 46234 | B111: 0.01798656 | C111: 0.017324902 | D111: =B111+1.96*'Rend. Mensili MSFT'!$R$7 -> 0.034382376 | E111: =B111-1.96*'Rend. Mensili MSFT'!$R$7 -> 0.0015907429 | G111: 47118 | H111: 0.47789623 | I111: 0.36491521 | J111: =H111+$H$114*'Rend. Annuali MSFT'!$M$15 -> 0.48776766 | K111: =H111-$H$114*'Rend. Annuali MSFT'!$M$15 -> 0.46802481
A112: 46265 | B112: 0.018169037 | C112: 0.017492756 | D112: =B112+1.96*'Rend. Mensili MSFT'!$R$7 -> 0.034564854 | E112: =B112-1.96*'Rend. Mensili MSFT'!$R$7 -> 0.0017732206 | G112: 47483 | H112: 0.57183676 | I112: 0.42773397 | J112: =H112+$H$114*'Rend. Annuali MSFT'!$M$15 -> 0.58170819 | K112: =H112-$H$114*'Rend. Annuali MSFT'!$M$15 -> 0.56196533
A113: 46295 | B113: 0.018345628 | C113: 0.017655197 | D113: =B113+1.96*'Rend. Mensili MSFT'!$R$7 -> 0.034741445 | E113: =B113-1.96*'Rend. Mensili MSFT'!$R$7 -> 0.0019498118 | G113: 47848 | H113: 0.66577729 | I113: 0.49055273 | J113: =H113+$H$114*'Rend. Annuali MSFT'!$M$15 -> 0.67564871 | K113: =H113-$H$114*'Rend. Annuali MSFT'!$M$15 -> 0.65590586
G114: t | H114: ='Previsione Rend. Annuali'!D20 -> 0.066728495
A116: Una volta stimati i parametri della regressione possiamo utilizzarli, insieme ai valori predetti di S&P500, per calcolare la previsione per t passi avanti di MSFT. Osservando le previsioni di Y relative a
A117: ciascun periodo temporale, si noti che queste tendono sempre a crescere: in modo marginale nel breve terrmine ed in modo più evidente e rilevante nel lungo termine. Tuttavia, bisogna sempre tenere
A118: conto che la previsione dei rendimenti di MSFT non è un valore certo e che questo può differire rispetto al valore effettivamente previsto: il valore futuro dei rendimenti può essere sia contenuto
A119: nell'intervallo "limite inferiore Y - limite superiore Y" e sia può assumere valori esterni da tale intervallo.
A121: Conclusione dell'analisi
A122: Considerando i risultati della nostra analisi, possiamo concludere innanzitutto che il titolo MSFT sia un buon titolo in quanto presenta un rendimento atteso positivo in ogni periodo considerato e
A123: caratterizzato da una accettabile volatilità.
A124: Il modello realizzato ci permette di poter affermare che buona parte della volatilità del titolo di MSFT dipende dall'andamento dall'indice S&P500. I due assets sono positivamente correlati tra loro e,
A125: pertanto, bisogna tenere sempre sotto controllo le variazioni dell'indice al fine di poter gestire le conseguenti e contemporanee variazioni del titolo.
A126: Per quanto concerne il futuro, infine, si prevede un aumento consistente dell'S&P500 nel lungo periodo e, di conseguenza, anche del titolo MSFT a causa della loro correlazione positiva. In ogni caso,
A127: è sempre consigliato controllare l'andamento dei rendimenti sia del titolo che dell'indice poiché entrambi possono essere soggetti a variazioni imprevedibili di fattori non osservati o fattori esterni non
A128: inclusi nel modello.
... A132: e sia quelli della variabile indipendente (MSFT e S&P500).
